"user id";"active";"School";"Department";"Country";"Motive";"has desc";"has comment";"has fbalbum"
"1";"1";"Nantes";"Informatique";"IN";"Stage";"1";"1";"1"
"1";"1";"Nantes";"Informatique";"US";"Stage";"1";"1";"0"
"1";"1";"Nantes";"Informatique";"US";"Voyage";"0";"0";"0"
"1";"1";"Nantes";"Informatique";"CA";"…tudes";"1";"0";"1"
"4";"1";"Nantes";"Informatique";"CA";"Stage";"1";"0";"0"
"5";"1";"Nantes";"Informatique";"CA";"Stage";"1";"0";"1"
"5";"1";"Nantes";"Informatique";"US";"Travail";"1";"1";"1"
"7";"1";"Nantes";"Informatique";"DK";"Stage";"1";"1";"0"
"8";"1";"Nantes";"Informatique";"NL";"Stage";"1";"1";"0"
"9";"1";"Nantes";"Informatique";"US";"Stage";"1";"0";"0"
"9";"1";"Nantes";"Informatique";"CA";"…tudes";"1";"0";"0"
"10";"1";"Nantes";"Informatique";"SE";"…tudes";"0";"0";"0"
"11";"1";"Nantes";"Informatique";"SE";"Stage";"1";"0";"0"
"11";"1";"Nantes";"Informatique";"PL";"…tudes";"1";"0";"0"
"12";"1";"Nantes";"Informatique";"CA";"Stage";"1";"0";"0"
"13";"1";"Nantes";"Informatique";"DE";"…tudes";"0";"0";"0"
"14";"1";"Nantes";"Informatique";"NL";"Stage";"1";"1";"0"
"15";"1";"Nantes";"Informatique";"NL";"Stage";"1";"0";"1"
"17";"1";"Nantes";"Informatique";"NZ";"Stage";"1";"0";"0"
"18";"1";"Nantes";"Informatique";"AU";"Stage";"0";"0";"0"
"19";"1";"Nantes";"Informatique";"CA";"Stage";"1";"1";"0"
"20";"1";"Nantes";"Informatique";"CA";"Stage";"0";"0";"0"
"22";"1";"Nantes";"Informatique";"NZ";"Stage";"1";"0";"0"
"22";"1";"Nantes";"Informatique";"GA";"Stage";"1";"1";"0"
"25";"1";"Nantes";"Informatique";"MY";"Stage";"0";"0";"0"
"26";"1";"Nantes";"Informatique";"JP";"Stage";"0";"0";"0"
"26";"1";"Nantes";"Informatique";"NC";"Stage";"1";"0";"0"
"28";"1";"Nantes";"Informatique";"CA";"Stage";"1";"0";"0"
"29";"1";"Nantes";"Informatique";"CA";"Stage";"0";"0";"0"
"31";"1";"Nantes";"Informatique";"CA";"Stage";"1";"0";"0"
"32";"1";"Nantes";"Informatique";"AE";"Stage";"1";"1";"0"
"32";"1";"Nantes";"Informatique";"AE";"Stage";"1";"1";"0"
"32";"1";"Nantes";"Informatique";"LB";"Voyage";"0";"0";"0"
"32";"1";"Nantes";"Informatique";"JO";"Voyage";"0";"0";"0"
"32";"1";"Nantes";"Informatique";"SY";"Voyage";"0";"0";"0"
"32";"1";"Nantes";"Informatique";"AE";"Stage";"0";"0";"0"
"33";"1";"Nantes";"Informatique";"N/A";"N/A";"0";"0";"0"
"34";"1";"Nantes";"Informatique";"MA";"Stage";"1";"1";"0"
"35";"1";"Nantes";"Informatique";"CA";"Stage";"1";"0";"0"
"36";"1";"Nantes";"Informatique";"N/A";"N/A";"0";"0";"0"
"37";"1";"Nantes";"Informatique";"IN";"…tudes";"1";"1";"0"
"38";"1";"Nantes";"Informatique";"N/A";"N/A";"0";"0";"0"
"39";"1";"Nantes";"Informatique";"GB";"Stage";"1";"0";"0"
"40";"1";"Nantes";"Informatique";"IT";"Stage";"1";"0";"0"
"46";"1";"Nantes";"Informatique";"GB";"Stage";"0";"0";"0"
"47";"1";"Nantes";"Informatique";"CA";"Stage";"0";"0";"1"
"48";"1";"Nantes";"Informatique";"N/A";"N/A";"0";"0";"0"
"50";"1";"Nantes";"Informatique";"ES";"Stage";"1";"0";"1"
"58";"1";"Montpellier";"Informatique";"CA";"Stage";"1";"0";"0"
"61";"1";"Montpellier";"Informatique";"US";"Stage";"1";"1";"0"
"62";"1";"Tours";"Informatique";"CA";"…tudes";"0";"0";"0"
"64";"1";"Montpellier";"Informatique";"CA";"Stage";"0";"0";"0"
"80";"1";"Montpellier";"Informatique";"IE";"Stage";"0";"0";"0"
"85";"1";"Lille";"Informatique";"N/A";"N/A";"0";"0";"0"
"96";"1";"Montpellier";"Informatique";"N/A";"N/A";"0";"0";"0"
"111";"1";"Nantes";"Informatique";"N/A";"N/A";"0";"0";"0"
"119";"1";"Nantes";"Informatique";"N/A";"N/A";"0";"0";"0"
"120";"1";"Nice-Sophia";"Informatique";"N/A";"N/A";"0";"0";"0"
"124";"1";"Nantes";"Informatique";"N/A";"N/A";"0";"0";"0"
"135";"0";"Montpellier";"Informatique";"N/A";"N/A";"0";"0";"0"
"136";"1";"Nantes";"Informatique";"RO";"Stage";"1";"1";"0"
"137";"1";"Nantes";"Informatique";"CA";"…tudes";"0";"0";"0"
"137";"1";"Nantes";"Informatique";"CA";"Stage";"0";"0";"0"
"139";"1";"Nantes";"Informatique";"N/A";"N/A";"0";"0";"0"
"143";"0";"OrlÈans";"Informatique";"N/A";"N/A";"0";"0";"0"
"161";"1";"Marseille";"Informatique";"KH";"Stage";"1";"0";"0"
"174";"1";"Marseille";"Informatique";"AT";"Stage";"0";"1";"0"
"174";"1";"Marseille";"Informatique";"AT";"Travail";"1";"0";"0"
"184";"1";"Nantes";"Informatique";"N/A";"N/A";"0";"0";"0"
"185";"1";"Montpellier";"Informatique";"AU";"Stage";"1";"0";"1"
"185";"1";"Montpellier";"Informatique";"IT";"Voyage";"0";"1";"0"
"185";"1";"Montpellier";"Informatique";"SI";"Voyage";"0";"1";"0"
"185";"1";"Montpellier";"Informatique";"HR";"Voyage";"0";"1";"0"
"185";"1";"Montpellier";"Informatique";"HU";"Voyage";"0";"1";"0"
"185";"1";"Montpellier";"Informatique";"SK";"Voyage";"0";"1";"0"
"185";"1";"Montpellier";"Informatique";"PL";"Voyage";"0";"1";"0"
"185";"1";"Montpellier";"Informatique";"DE";"Voyage";"0";"1";"0"
"185";"1";"Montpellier";"Informatique";"NL";"Voyage";"0";"1";"0"
"185";"1";"Montpellier";"Informatique";"BE";"Voyage";"0";"1";"0"
"185";"1";"Montpellier";"Informatique";"ES";"Voyage";"0";"1";"0"
"187";"1";"Marseille";"Informatique";"N/A";"N/A";"0";"0";"0"
"190";"1";"Marseille";"Informatique";"CA";"…tudes";"1";"1";"0"
"190";"1";"Marseille";"Informatique";"GB";"Stage";"1";"1";"0"
"196";"0";"Montpellier";"Informatique";"N/A";"N/A";"0";"0";"0"
"199";"1";"Montpellier";"Informatique";"CA";"Stage";"0";"0";"0"
"209";"1";"Marseille";"Informatique";"US";"Stage";"0";"0";"0"
"210";"1";"Montpellier";"Informatique";"IE";"Stage";"0";"0";"0"
"213";"1";"Marseille";"Informatique";"US";"Stage";"0";"0";"0"
"214";"1";"Marseille";"Informatique";"US";"Stage";"1";"0";"0"
"221";"1";"Tours";"Informatique";"GB";"Voyage";"0";"1";"0"
"221";"1";"Tours";"Informatique";"DE";"…tudes";"1";"1";"0"
"224";"1";"Nice-Sophia";"Informatique";"CA";"…tudes";"1";"0";"0"
"233";"1";"Grenoble";"Informatique";"N/A";"N/A";"0";"0";"0"
"234";"1";"Nantes";"Informatique";"N/A";"N/A";"0";"0";"0"
"248";"1";"Lille";"Informatique";"N/A";"N/A";"0";"0";"0"
"254";"1";"Marseille";"Informatique";"N/A";"N/A";"0";"0";"0"
"259";"1";"Marseille";"Informatique";"PE";"Voyage";"0";"1";"0"
"272";"1";"Nantes";"Informatique";"N/A";"N/A";"0";"0";"0"
"279";"1";"Nantes";"Informatique";"NL";"Stage";"1";"1";"0"
"283";"1";"Paris-UPMC";"Informatique";"N/A";"N/A";"0";"0";"0"
"288";"1";"Nantes";"Informatique";"CA";"Stage";"1";"1";"0"
"288";"1";"Nantes";"Informatique";"US";"Voyage";"0";"1";"0"
"291";"1";"Nantes";"Informatique";"N/A";"N/A";"0";"0";"0"
"294";"1";"Nantes";"Informatique";"N/A";"N/A";"0";"0";"0"
"296";"1";"Nantes";"Informatique";"DE";"Stage";"1";"0";"0"
"313";"0";"Montpellier";"Informatique";"N/A";"N/A";"0";"0";"0"
"316";"1";"Paris-UPMC";"Informatique";"N/A";"N/A";"0";"0";"0"
"349";"1";"Nantes";"Informatique";"HR";"Stage";"1";"1";"0"
"349";"1";"Nantes";"Informatique";"CA";"…tudes";"1";"1";"0"
"361";"1";"Nantes";"Informatique";"N/A";"N/A";"0";"0";"0"
"363";"1";"Annecy-Chambery";"Informatique";"N/A";"N/A";"0";"0";"0"
"365";"1";"Tours";"Informatique";"N/A";"N/A";"0";"0";"0"
"371";"1";"Nice-Sophia";"Informatique";"N/A";"N/A";"0";"0";"0"
"376";"1";"Montpellier";"Informatique";"N/A";"N/A";"0";"0";"0"
"388";"1";"Paris-Sud";"Informatique";"CA";"Voyage";"0";"1";"0"
"393";"1";"Tours";"Informatique";"N/A";"N/A";"0";"0";"0"
"406";"0";"Nantes";"Informatique";"N/A";"N/A";"0";"0";"0"
"418";"1";"Lille";"Informatique";"N/A";"N/A";"0";"0";"0"
"422";"1";"Montpellier";"Informatique";"N/A";"N/A";"0";"0";"0"
"424";"1";"Lille";"Informatique";"SE";"…tudes";"1";"1";"0"
"429";"1";"Tours";"Informatique";"CA";"…tudes";"0";"0";"0"
"430";"1";"Grenoble";"Informatique";"AE";"Travail";"1";"1";"0"
"447";"1";"Marseille";"Informatique";"N/A";"N/A";"0";"0";"0"
"451";"1";"Paris-Sud";"Informatique";"IE";"Stage";"1";"0";"0"
"460";"1";"Paris-Sud";"Informatique";"IE";"Stage";"1";"0";"0"
"466";"1";"Paris-Sud";"Informatique";"IE";"Stage";"1";"0";"0"
"467";"1";"Paris-Sud";"Informatique";"N/A";"N/A";"0";"0";"0"
"471";"1";"Paris-Sud";"Informatique";"N/A";"N/A";"0";"0";"0"
"478";"1";"Lille";"Informatique";"N/A";"N/A";"0";"0";"0"
"497";"1";"Paris-Sud";"Informatique";"IE";"Stage";"1";"0";"0"
"499";"1";"Nantes";"Informatique";"N/A";"N/A";"0";"0";"0"
"512";"1";"Nantes";"Informatique";"BE";"Stage";"0";"0";"1"
"522";"1";"Paris-Sud";"Informatique";"CN";"Stage";"0";"0";"0"
"522";"1";"Paris-Sud";"Informatique";"CA";"…tudes";"0";"0";"0"
"526";"1";"Montpellier";"Informatique";"N/A";"N/A";"0";"0";"0"
"530";"1";"Nantes";"Informatique";"CA";"Stage";"0";"0";"0"
"532";"1";"Marseille";"Informatique";"N/A";"N/A";"0";"0";"0"
"539";"0";"Paris-Sud";"Informatique";"N/A";"N/A";"0";"0";"0"
"542";"0";"Nice-Sophia";"Informatique";"N/A";"N/A";"0";"0";"0"
"554";"1";"Nantes";"Informatique";"N/A";"N/A";"0";"0";"0"
"559";"1";"Grenoble";"Informatique";"N/A";"N/A";"0";"0";"0"
"560";"1";"Lille";"Informatique";"N/A";"N/A";"0";"0";"0"
"561";"1";"Lyon";"Informatique";"N/A";"N/A";"0";"0";"0"
"562";"1";"Clermont";"Informatique";"N/A";"N/A";"0";"0";"0"
"563";"1";"Marseille";"Informatique";"N/A";"N/A";"0";"0";"0"
"564";"1";"Nice-Sophia";"Informatique";"N/A";"N/A";"0";"0";"0"
"565";"1";"Montpellier";"Informatique";"N/A";"N/A";"0";"0";"0"
"566";"1";"Annecy-Chambery";"Informatique";"N/A";"N/A";"0";"0";"0"
"567";"1";"Tours";"Informatique";"N/A";"N/A";"0";"0";"0"
"568";"1";"OrlÈans";"Informatique";"N/A";"N/A";"0";"0";"0"
"569";"1";"Paris-Sud";"Informatique";"N/A";"N/A";"0";"0";"0"
"570";"1";"Lille";"Informatique";"N/A";"N/A";"0";"0";"0"
"571";"1";"Clermont";"Informatique";"N/A";"N/A";"0";"0";"0"
"574";"1";"Grenoble";"Informatique";"US";"Stage";"1";"1";"0"
"579";"1";"Nantes";"Informatique";"NL";"Stage";"1";"1";"0"
"580";"1";"Nantes";"Informatique";"N/A";"N/A";"0";"0";"0"
"581";"1";"Nantes";"Informatique";"N/A";"N/A";"0";"0";"0"
"582";"1";"Nantes";"Informatique";"N/A";"N/A";"0";"0";"0"
"584";"1";"Lille";"Informatique";"N/A";"N/A";"0";"0";"0"
"585";"0";"Nantes";"Informatique";"N/A";"N/A";"0";"0";"0"
"590";"1";"Grenoble";"Informatique";"N/A";"N/A";"0";"0";"0"
"606";"1";"Nantes";"Informatique";"N/A";"N/A";"0";"0";"0"
"613";"1";"Paris-Sud";"Informatique";"DE";"Voyage";"0";"0";"0"
"623";"1";"Nantes";"Informatique";"GB";"Stage";"1";"0";"0"
"626";"1";"Montpellier";"Informatique";"N/A";"N/A";"0";"0";"0"
"632";"1";"Lyon";"Informatique";"N/A";"N/A";"0";"0";"0"
"635";"1";"Lyon";"Informatique";"N/A";"N/A";"0";"0";"0"
"636";"1";"Montpellier";"Informatique";"CA";"Stage";"0";"0";"0"
"660";"1";"Marseille";"Informatique";"GB";"Stage";"1";"1";"0"
"661";"1";"Lyon";"Informatique";"N/A";"N/A";"0";"0";"0"
"688";"1";"Nantes";"Informatique";"CA";"Stage";"1";"1";"0"
"700";"0";"Nantes";"Informatique";"N/A";"N/A";"0";"0";"0"
"705";"1";"Marseille";"Informatique";"N/A";"N/A";"0";"0";"0"
"707";"1";"Nice-Sophia";"Informatique";"N/A";"N/A";"0";"0";"0"
"711";"1";"Nice-Sophia";"Informatique";"TH";"…tudes";"1";"1";"1"
"715";"1";"Nantes";"Informatique";"N/A";"N/A";"0";"0";"0"
"724";"1";"Tours";"Informatique";"N/A";"N/A";"0";"0";"0"
"731";"1";"Montpellier";"Informatique";"GB";"Stage";"1";"0";"0"
"736";"1";"Marseille";"Informatique";"N/A";"N/A";"0";"0";"0"
"767";"1";"Paris-UPMC";"Informatique";"N/A";"N/A";"0";"0";"0"
"770";"1";"Tours";"Informatique";"CN";"Stage";"1";"1";"0"
"779";"1";"Annecy-Chambery";"Informatique";"IN";"Stage";"1";"1";"0"
"787";"1";"Lyon";"Informatique";"N/A";"N/A";"0";"0";"0"
"790";"1";"Grenoble";"Informatique";"N/A";"N/A";"0";"0";"0"
"807";"1";"Annecy-Chambery";"Informatique";"JP";"Stage";"1";"1";"0"
"830";"1";"Marseille";"Informatique";"KH";"Stage";"0";"0";"0"
"834";"1";"Nantes";"Informatique";"N/A";"N/A";"0";"0";"0"
"849";"1";"Montpellier";"Informatique";"N/A";"N/A";"0";"0";"0"
"855";"1";"Marseille";"Informatique";"N/A";"N/A";"0";"0";"0"
"860";"1";"Nantes";"Informatique";"N/A";"N/A";"0";"0";"0"
"863";"1";"Lyon";"Informatique";"N/A";"N/A";"0";"0";"0"
"867";"1";"Nantes";"Informatique";"GR";"Travail";"1";"1";"0"
"867";"1";"Nantes";"Informatique";"PT";"Stage";"0";"1";"0"
"867";"1";"Nantes";"Informatique";"DE";"Travail";"0";"1";"0"
"867";"1";"Nantes";"Informatique";"LU";"Stage";"0";"1";"0"
"878";"1";"Grenoble";"Informatique";"N/A";"N/A";"0";"0";"0"
"886";"1";"Paris-UPMC";"Informatique";"US";"…tudes";"1";"0";"0"
"894";"1";"Montpellier";"Informatique";"N/A";"N/A";"0";"0";"0"
"902";"0";"Lille";"Informatique";"N/A";"N/A";"0";"0";"0"
"904";"1";"Lille";"Informatique";"LB";"Stage";"0";"0";"0"
"916";"1";"Lille";"Informatique";"JP";"Stage";"0";"0";"0"
"917";"1";"Paris-Sud";"Informatique";"N/A";"N/A";"0";"0";"0"
"922";"1";"Montpellier";"Informatique";"N/A";"N/A";"0";"0";"0"
"930";"1";"Grenoble";"Informatique";"N/A";"N/A";"0";"0";"0"
"931";"1";"Nice-Sophia";"Informatique";"SE";"…tudes";"1";"1";"0"
"931";"1";"Nice-Sophia";"Informatique";"SE";"Stage";"1";"1";"0"
"935";"1";"Lille";"Informatique";"N/A";"N/A";"0";"0";"0"
"941";"1";"Montpellier";"Informatique";"N/A";"N/A";"0";"0";"0"
"944";"1";"Marseille";"Informatique";"N/A";"N/A";"0";"0";"0"
"952";"1";"Grenoble";"Informatique";"N/A";"N/A";"0";"0";"0"
"954";"1";"Grenoble";"Informatique";"N/A";"N/A";"0";"0";"0"
"956";"1";"Annecy-Chambery";"Informatique";"N/A";"N/A";"0";"0";"0"
"964";"0";"Tours";"Informatique";"N/A";"N/A";"0";"0";"0"
"968";"0";"Montpellier";"Informatique";"N/A";"N/A";"0";"0";"0"
"972";"1";"Nantes";"Informatique";"N/A";"N/A";"0";"0";"0"
"975";"1";"Nantes";"Informatique";"US";"Travail";"1";"0";"0"
"976";"0";"Montpellier";"Informatique";"N/A";"N/A";"0";"0";"0"
"986";"1";"Tours";"Informatique";"N/A";"N/A";"0";"0";"0"
"988";"1";"Paris-UPMC";"Informatique";"N/A";"N/A";"0";"0";"0"
"998";"1";"Paris-Sud";"Informatique";"N/A";"N/A";"0";"0";"0"
"1009";"1";"Grenoble";"Informatique";"N/A";"N/A";"0";"0";"0"
"1028";"1";"Nantes";"Informatique";"GB";"Stage";"1";"0";"0"
"1029";"1";"Nantes";"Informatique";"MA";"Stage";"0";"0";"0"
"1058";"1";"Grenoble";"Informatique";"N/A";"N/A";"0";"0";"0"
"1059";"1";"OrlÈans";"Informatique";"N/A";"N/A";"0";"0";"0"
"1069";"1";"Marseille";"Informatique";"NL";"Travail";"1";"0";"0"
"1070";"1";"Marseille";"Informatique";"N/A";"N/A";"0";"0";"0"
"1071";"1";"Marseille";"Informatique";"N/A";"N/A";"0";"0";"0"
"1072";"1";"Nice-Sophia";"Informatique";"MA";"Stage";"1";"0";"0"
"1074";"1";"Nantes";"Informatique";"N/A";"N/A";"0";"0";"0"
"1079";"1";"Nantes";"Informatique";"N/A";"N/A";"0";"0";"0"
"1080";"1";"Montpellier";"Informatique";"N/A";"N/A";"0";"0";"0"
"1084";"1";"Nantes";"Informatique";"N/A";"N/A";"0";"0";"0"
"1085";"1";"Nantes";"Informatique";"NL";"Stage";"1";"1";"0"
"1123";"1";"Clermont";"Informatique";"TH";"Stage";"1";"1";"0"
"1155";"1";"Montpellier";"Informatique";"N/A";"N/A";"0";"0";"0"
"1156";"1";"Nantes";"Informatique";"FI";"…tudes";"0";"0";"0"
"1157";"1";"Paris-Sud";"Informatique";"N/A";"N/A";"0";"0";"0"
"1164";"1";"Nantes";"Informatique";"N/A";"N/A";"0";"0";"0"
"1174";"1";"Nantes";"Informatique";"N/A";"N/A";"0";"0";"0"
"1177";"1";"Grenoble";"Informatique";"N/A";"N/A";"0";"0";"0"
"1178";"1";"Nice-Sophia";"Informatique";"US";"Travail";"1";"1";"0"
"1178";"1";"Nice-Sophia";"Informatique";"US";"Travail";"1";"1";"0"
"1181";"1";"Nice-Sophia";"Informatique";"N/A";"N/A";"0";"0";"0"
"1183";"1";"Tours";"Informatique";"N/A";"N/A";"0";"0";"0"
"1186";"1";"Grenoble";"Informatique";"N/A";"N/A";"0";"0";"0"
"1188";"1";"Tours";"Informatique";"N/A";"N/A";"0";"0";"0"
"1217";"1";"Grenoble";"Informatique";"N/A";"N/A";"0";"0";"0"
"1234";"1";"Tours";"Informatique";"CA";"…tudes";"1";"0";"0"
"1234";"1";"Tours";"Informatique";"PL";"Voyage";"0";"0";"0"
"1245";"1";"Nantes";"Informatique";"SE";"Stage";"1";"1";"0"
"1245";"1";"Nantes";"Informatique";"SE";"Stage";"1";"1";"0"
"1245";"1";"Nantes";"Informatique";"SE";"Travail";"1";"1";"0"
"1247";"1";"Grenoble";"Informatique";"N/A";"N/A";"0";"0";"0"
"1254";"1";"Nantes";"Informatique";"GR";"Stage";"1";"1";"0"
"1255";"1";"Lyon";"Informatique";"N/A";"N/A";"0";"0";"0"
"1256";"1";"Lyon";"Informatique";"N/A";"N/A";"0";"0";"0"
"1257";"1";"Nantes";"Informatique";"N/A";"N/A";"0";"0";"0"
"1262";"1";"Lyon";"Informatique";"N/A";"N/A";"0";"0";"0"
"1265";"1";"Nantes";"Informatique";"N/A";"N/A";"0";"0";"0"
"1286";"1";"Nice-Sophia";"Informatique";"N/A";"N/A";"0";"0";"0"
"1290";"1";"Lyon";"Informatique";"BE";"Stage";"1";"0";"0"
"1293";"1";"Lyon";"Informatique";"US";"Stage";"1";"1";"0"
"1294";"1";"Nantes";"Informatique";"N/A";"N/A";"0";"0";"0"
"1310";"1";"Nantes";"Informatique";"N/A";"N/A";"0";"0";"0"
"1311";"1";"Nantes";"Informatique";"CA";"…tudes";"1";"0";"1"
"1313";"1";"Nantes";"Informatique";"N/A";"N/A";"0";"0";"0"
"1314";"1";"Nantes";"Informatique";"N/A";"N/A";"0";"0";"0"
"1317";"1";"Nantes";"Informatique";"N/A";"N/A";"0";"0";"0"
"1344";"1";"Marseille";"Informatique";"N/A";"N/A";"0";"0";"0"
"1348";"0";"Paris-Sud";"Informatique";"N/A";"N/A";"0";"0";"0"
"1359";"1";"Tours";"Informatique";"N/A";"N/A";"0";"0";"0"
"1361";"1";"Lyon";"Informatique";"N/A";"N/A";"0";"0";"0"
"1373";"1";"Nantes";"Informatique";"N/A";"N/A";"0";"0";"0"
"1377";"1";"Marseille";"Informatique";"N/A";"N/A";"0";"0";"0"
"1381";"1";"Nantes";"Informatique";"N/A";"N/A";"0";"0";"0"
"1385";"1";"Paris-Sud";"Informatique";"N/A";"N/A";"0";"0";"0"
"1386";"1";"Lille";"Informatique";"N/A";"N/A";"0";"0";"0"
"1387";"0";"Paris-Sud";"Informatique";"N/A";"N/A";"0";"0";"0"
"1397";"1";"Nantes";"Informatique";"N/A";"N/A";"0";"0";"0"
"1398";"1";"Nantes";"Informatique";"N/A";"N/A";"0";"0";"0"
"1401";"1";"Lille";"Informatique";"GB";"Stage";"0";"0";"0"
"30";"1";"Nantes";"MatÈriaux";"MX";"Stage";"0";"0";"0"
"83";"1";"Nantes";"MatÈriaux";"CA";"Stage";"1";"0";"0"
"90";"1";"Nantes";"MatÈriaux";"MX";"Stage";"0";"0";"0"
"91";"1";"Nantes";"MatÈriaux";"CL";"Stage";"0";"0";"0"
"91";"1";"Nantes";"MatÈriaux";"ES";"…tudes";"0";"0";"0"
"95";"1";"Montpellier";"MatÈriaux";"IE";"…tudes";"0";"0";"0"
"97";"1";"Nantes";"MatÈriaux";"N/A";"N/A";"0";"0";"0"
"99";"1";"Nantes";"MatÈriaux";"US";"Stage";"1";"1";"0"
"115";"1";"Clermont";"MatÈriaux";"CA";"Stage";"1";"0";"0"
"128";"1";"Nantes";"MatÈriaux";"SE";"Stage";"1";"0";"0"
"138";"1";"Nantes";"MatÈriaux";"LK";"Stage";"1";"1";"0"
"140";"1";"Nantes";"MatÈriaux";"N/A";"N/A";"0";"0";"0"
"144";"1";"Clermont";"MatÈriaux";"CL";"Stage";"1";"0";"0"
"166";"1";"Marseille";"MatÈriaux";"N/A";"N/A";"0";"0";"0"
"167";"1";"Nantes";"MatÈriaux";"N/A";"N/A";"0";"0";"0"
"207";"1";"Nantes";"MatÈriaux";"AU";"Stage";"1";"0";"1"
"212";"1";"Annecy-Chambery";"MatÈriaux";"ZA";"Stage";"1";"1";"0"
"215";"1";"OrlÈans";"MatÈriaux";"N/A";"N/A";"0";"0";"0"
"223";"1";"Nantes";"MatÈriaux";"N/A";"N/A";"0";"0";"0"
"231";"1";"Annecy-Chambery";"MatÈriaux";"IT";"Stage";"1";"1";"0"
"232";"1";"Lille";"MatÈriaux";"CZ";"Stage";"1";"1";"0"
"235";"1";"Nantes";"MatÈriaux";"N/A";"N/A";"0";"0";"0"
"239";"1";"Clermont";"MatÈriaux";"GB";"Stage";"1";"0";"0"
"241";"1";"Nantes";"MatÈriaux";"GB";"Stage";"1";"0";"0"
"250";"1";"Nantes";"MatÈriaux";"N/A";"N/A";"0";"0";"0"
"252";"1";"Nantes";"MatÈriaux";"N/A";"N/A";"0";"0";"0"
"263";"1";"Nantes";"MatÈriaux";"BR";"Stage";"1";"1";"0"
"269";"1";"Clermont";"MatÈriaux";"AU";"Stage";"1";"1";"1"
"276";"1";"Paris-Sud";"MatÈriaux";"ES";"…tudes";"1";"1";"0"
"276";"1";"Paris-Sud";"MatÈriaux";"CN";"Stage";"1";"0";"0"
"280";"1";"Nantes";"MatÈriaux";"CA";"Stage";"0";"0";"0"
"281";"1";"Nantes";"MatÈriaux";"N/A";"N/A";"0";"0";"0"
"290";"1";"Nantes";"MatÈriaux";"NZ";"Stage";"1";"0";"0"
"295";"1";"Nantes";"MatÈriaux";"N/A";"N/A";"0";"0";"0"
"303";"1";"Nantes";"MatÈriaux";"N/A";"N/A";"0";"0";"0"
"306";"1";"Nantes";"MatÈriaux";"N/A";"N/A";"0";"0";"0"
"311";"1";"Paris-UPMC";"MatÈriaux";"JP";"Stage";"1";"0";"0"
"314";"1";"Nantes";"MatÈriaux";"US";"Stage";"1";"0";"0"
"315";"1";"Nantes";"MatÈriaux";"N/A";"N/A";"0";"0";"0"
"328";"0";"Paris-UPMC";"MatÈriaux";"N/A";"N/A";"0";"0";"0"
"337";"0";"Paris-UPMC";"MatÈriaux";"N/A";"N/A";"0";"0";"0"
"342";"1";"Paris-UPMC";"MatÈriaux";"N/A";"N/A";"0";"0";"0"
"345";"1";"Annecy-Chambery";"MatÈriaux";"N/A";"N/A";"0";"0";"0"
"348";"1";"Nantes";"MatÈriaux";"AU";"Stage";"1";"1";"0"
"354";"0";"Paris-Sud";"MatÈriaux";"N/A";"N/A";"0";"0";"0"
"355";"1";"Annecy-Chambery";"MatÈriaux";"CZ";"…tudes";"0";"0";"0"
"356";"1";"Annecy-Chambery";"MatÈriaux";"N/A";"N/A";"0";"0";"0"
"357";"1";"Paris-Sud";"MatÈriaux";"N/A";"N/A";"0";"0";"0"
"360";"1";"Lille";"MatÈriaux";"AU";"Stage";"1";"0";"0"
"364";"1";"Paris-UPMC";"MatÈriaux";"NL";"Stage";"1";"0";"0"
"367";"1";"Paris-Sud";"MatÈriaux";"CA";"Stage";"1";"0";"0"
"367";"1";"Paris-Sud";"MatÈriaux";"IT";"…tudes";"0";"0";"0"
"368";"1";"Lille";"MatÈriaux";"GB";"Stage";"1";"0";"0"
"400";"1";"Paris-Sud";"MatÈriaux";"N/A";"N/A";"0";"0";"0"
"413";"1";"Lille";"MatÈriaux";"N/A";"N/A";"0";"0";"0"
"419";"1";"Nantes";"MatÈriaux";"CA";"Stage";"0";"0";"0"
"427";"1";"Nantes";"MatÈriaux";"N/A";"N/A";"0";"0";"0"
"428";"1";"Lille";"MatÈriaux";"N/A";"N/A";"0";"0";"0"
"448";"0";"Nantes";"MatÈriaux";"N/A";"N/A";"0";"0";"0"
"459";"1";"Annecy-Chambery";"MatÈriaux";"N/A";"N/A";"0";"0";"0"
"469";"1";"Montpellier";"MatÈriaux";"N/A";"N/A";"0";"0";"0"
"470";"1";"Paris-UPMC";"MatÈriaux";"N/A";"N/A";"0";"0";"0"
"476";"1";"Clermont";"MatÈriaux";"DE";"Stage";"0";"0";"0"
"486";"1";"Lille";"MatÈriaux";"N/A";"N/A";"0";"0";"0"
"495";"1";"Nantes";"MatÈriaux";"TG";"Stage";"1";"1";"0"
"495";"1";"Nantes";"MatÈriaux";"MX";"Voyage";"0";"1";"0"
"495";"1";"Nantes";"MatÈriaux";"SE";"Stage";"1";"1";"0"
"496";"1";"Lille";"MatÈriaux";"N/A";"N/A";"0";"0";"0"
"502";"1";"Montpellier";"MatÈriaux";"N/A";"N/A";"0";"0";"0"
"503";"1";"Nantes";"MatÈriaux";"NZ";"Stage";"1";"0";"0"
"508";"1";"Montpellier";"MatÈriaux";"GB";"Stage";"0";"0";"0"
"510";"1";"Nantes";"MatÈriaux";"GB";"Stage";"0";"0";"0"
"513";"0";"Nantes";"MatÈriaux";"N/A";"N/A";"0";"0";"0"
"514";"0";"Nantes";"MatÈriaux";"N/A";"N/A";"0";"0";"0"
"524";"1";"Nantes";"MatÈriaux";"N/A";"N/A";"0";"0";"0"
"536";"0";"Clermont";"MatÈriaux";"N/A";"N/A";"0";"0";"0"
"537";"1";"Nantes";"MatÈriaux";"N/A";"N/A";"0";"0";"0"
"540";"0";"Clermont";"MatÈriaux";"N/A";"N/A";"0";"0";"0"
"544";"0";"Grenoble";"MatÈriaux";"N/A";"N/A";"0";"0";"0"
"556";"1";"Grenoble";"MatÈriaux";"CA";"Stage";"1";"1";"0"
"557";"1";"Grenoble";"MatÈriaux";"N/A";"N/A";"0";"0";"0"
"586";"1";"Nantes";"MatÈriaux";"US";"Stage";"0";"0";"0"
"597";"1";"Grenoble";"MatÈriaux";"N/A";"N/A";"0";"0";"0"
"603";"1";"Marseille";"MatÈriaux";"N/A";"N/A";"0";"0";"0"
"607";"1";"Grenoble";"MatÈriaux";"IT";"Stage";"1";"0";"0"
"611";"1";"Montpellier";"MatÈriaux";"N/A";"N/A";"0";"0";"0"
"614";"1";"Nantes";"MatÈriaux";"N/A";"N/A";"0";"0";"0"
"617";"1";"Lille";"MatÈriaux";"NL";"Stage";"1";"0";"0"
"617";"1";"Lille";"MatÈriaux";"ES";"…tudes";"1";"0";"0"
"617";"1";"Lille";"MatÈriaux";"CA";"Stage";"1";"0";"0"
"620";"1";"Clermont";"MatÈriaux";"AU";"Stage";"1";"0";"0"
"624";"1";"Nantes";"MatÈriaux";"IE";"Stage";"0";"0";"0"
"630";"1";"Lyon";"MatÈriaux";"N/A";"N/A";"0";"0";"0"
"637";"1";"Lyon";"MatÈriaux";"US";"Travail";"1";"0";"0"
"637";"1";"Lyon";"MatÈriaux";"GR";"Stage";"0";"1";"0"
"643";"1";"Nantes";"MatÈriaux";"GB";"Stage";"0";"0";"0"
"647";"1";"Nantes";"MatÈriaux";"US";"Stage";"0";"0";"0"
"648";"0";"Nantes";"MatÈriaux";"N/A";"N/A";"0";"0";"0"
"649";"1";"Nantes";"MatÈriaux";"N/A";"N/A";"0";"0";"0"
"651";"1";"Nantes";"MatÈriaux";"N/A";"N/A";"0";"0";"0"
"657";"1";"Clermont";"MatÈriaux";"N/A";"N/A";"0";"0";"0"
"659";"1";"Nantes";"MatÈriaux";"N/A";"N/A";"0";"0";"0"
"663";"1";"Paris-UPMC";"MatÈriaux";"GB";"Stage";"0";"0";"0"
"671";"1";"Nantes";"MatÈriaux";"N/A";"N/A";"0";"0";"0"
"692";"1";"Lille";"MatÈriaux";"N/A";"N/A";"0";"0";"0"
"702";"1";"Nantes";"MatÈriaux";"N/A";"N/A";"0";"0";"0"
"703";"1";"Lyon";"MatÈriaux";"N/A";"N/A";"0";"0";"0"
"720";"1";"Grenoble";"MatÈriaux";"SE";"Stage";"1";"0";"0"
"727";"1";"Clermont";"MatÈriaux";"N/A";"N/A";"0";"0";"0"
"734";"1";"Nantes";"MatÈriaux";"N/A";"N/A";"0";"0";"0"
"739";"1";"Lille";"MatÈriaux";"N/A";"N/A";"0";"0";"0"
"744";"1";"Nantes";"MatÈriaux";"N/A";"N/A";"0";"0";"0"
"747";"1";"Grenoble";"MatÈriaux";"SE";"Stage";"1";"0";"0"
"760";"0";"Nantes";"MatÈriaux";"N/A";"N/A";"0";"0";"0"
"761";"1";"Annecy-Chambery";"MatÈriaux";"N/A";"N/A";"0";"0";"0"
"763";"1";"Grenoble";"MatÈriaux";"GB";"Stage";"1";"1";"0"
"766";"1";"Grenoble";"MatÈriaux";"N/A";"N/A";"0";"0";"0"
"798";"0";"Marseille";"MatÈriaux";"N/A";"N/A";"0";"0";"0"
"808";"1";"Lyon";"MatÈriaux";"CH";"Stage";"1";"1";"0"
"809";"1";"Lyon";"MatÈriaux";"GB";"Stage";"0";"0";"0"
"809";"1";"Lyon";"MatÈriaux";"GB";"Stage";"0";"0";"0"
"812";"1";"Lyon";"MatÈriaux";"DE";"Stage";"0";"0";"0"
"817";"1";"Lyon";"MatÈriaux";"CH";"Stage";"1";"1";"0"
"833";"1";"Nantes";"MatÈriaux";"CH";"Stage";"1";"1";"0"
"845";"1";"Paris-UPMC";"MatÈriaux";"N/A";"N/A";"0";"0";"0"
"851";"1";"Annecy-Chambery";"MatÈriaux";"N/A";"N/A";"0";"0";"0"
"874";"1";"Lyon";"MatÈriaux";"N/A";"N/A";"0";"0";"0"
"875";"1";"Grenoble";"MatÈriaux";"N/A";"N/A";"0";"0";"0"
"877";"1";"Montpellier";"MatÈriaux";"N/A";"N/A";"0";"0";"0"
"879";"1";"Nantes";"MatÈriaux";"CA";"Stage";"1";"0";"0"
"890";"1";"Lille";"MatÈriaux";"RO";"Stage";"0";"0";"0"
"909";"1";"Paris-UPMC";"MatÈriaux";"N/A";"N/A";"0";"0";"0"
"915";"1";"Nantes";"MatÈriaux";"AU";"Stage";"0";"0";"0"
"918";"1";"OrlÈans";"MatÈriaux";"N/A";"N/A";"0";"0";"0"
"924";"1";"Paris-Sud";"MatÈriaux";"N/A";"N/A";"0";"0";"0"
"933";"1";"Annecy-Chambery";"MatÈriaux";"N/A";"N/A";"0";"0";"0"
"947";"1";"Nantes";"MatÈriaux";"N/A";"N/A";"0";"0";"0"
"955";"1";"Lille";"MatÈriaux";"N/A";"N/A";"0";"0";"0"
"961";"1";"Nantes";"MatÈriaux";"CN";"Travail";"1";"0";"0"
"961";"1";"Nantes";"MatÈriaux";"CN";"Travail";"1";"0";"0"
"961";"1";"Nantes";"MatÈriaux";"CN";"…tudes";"1";"0";"0"
"961";"1";"Nantes";"MatÈriaux";"CN";"Stage";"1";"0";"0"
"961";"1";"Nantes";"MatÈriaux";"CN";"Stage";"1";"0";"0"
"961";"1";"Nantes";"MatÈriaux";"BE";"Travail";"1";"0";"0"
"977";"1";"OrlÈans";"MatÈriaux";"RO";"…tudes";"1";"1";"0"
"982";"1";"Paris-Sud";"MatÈriaux";"N/A";"N/A";"0";"0";"0"
"1006";"1";"Lyon";"MatÈriaux";"CA";"Stage";"1";"0";"0"
"1026";"1";"Nantes";"MatÈriaux";"GB";"Stage";"1";"0";"1"
"1037";"1";"Clermont";"MatÈriaux";"N/A";"N/A";"0";"0";"0"
"1056";"1";"Lyon";"MatÈriaux";"N/A";"N/A";"0";"0";"0"
"1087";"1";"Nantes";"MatÈriaux";"N/A";"N/A";"0";"0";"0"
"1106";"1";"Montpellier";"MatÈriaux";"CZ";"Stage";"1";"1";"0"
"1120";"1";"Lille";"MatÈriaux";"CA";"Stage";"0";"0";"0"
"1122";"1";"Lille";"MatÈriaux";"DE";"Stage";"1";"1";"0"
"1130";"0";"Nantes";"MatÈriaux";"N/A";"N/A";"0";"0";"0"
"1142";"1";"Grenoble";"MatÈriaux";"N/A";"N/A";"0";"0";"0"
"1152";"1";"Paris-Sud";"MatÈriaux";"N/A";"N/A";"0";"0";"0"
"1162";"1";"Lille";"MatÈriaux";"US";"Travail";"1";"1";"0"
"1173";"0";"Grenoble";"MatÈriaux";"N/A";"N/A";"0";"0";"0"
"1187";"1";"Clermont";"MatÈriaux";"IN";"Stage";"0";"0";"0"
"1248";"1";"Nantes";"MatÈriaux";"N/A";"N/A";"0";"0";"0"
"1249";"1";"Nantes";"MatÈriaux";"N/A";"N/A";"0";"0";"0"
"1253";"1";"Lyon";"MatÈriaux";"N/A";"N/A";"0";"0";"0"
"1258";"1";"Nantes";"MatÈriaux";"N/A";"N/A";"0";"0";"0"
"1260";"1";"Nantes";"MatÈriaux";"N/A";"N/A";"0";"0";"0"
"1263";"1";"Nantes";"MatÈriaux";"N/A";"N/A";"0";"0";"0"
"1276";"1";"Nantes";"MatÈriaux";"N/A";"N/A";"0";"0";"0"
"1277";"1";"Nantes";"MatÈriaux";"N/A";"N/A";"0";"0";"0"
"1291";"1";"Lille";"MatÈriaux";"N/A";"N/A";"0";"0";"0"
"1292";"1";"Lyon";"MatÈriaux";"N/A";"N/A";"0";"0";"0"
"1296";"1";"Lille";"MatÈriaux";"N/A";"N/A";"0";"0";"0"
"1297";"1";"Annecy-Chambery";"MatÈriaux";"N/A";"N/A";"0";"0";"0"
"1301";"1";"Annecy-Chambery";"MatÈriaux";"N/A";"N/A";"0";"0";"0"
"1305";"1";"Nantes";"MatÈriaux";"N/A";"N/A";"0";"0";"0"
"1308";"1";"Clermont";"MatÈriaux";"N/A";"N/A";"0";"0";"0"
"1322";"1";"Nantes";"MatÈriaux";"N/A";"N/A";"0";"0";"0"
"1335";"1";"Lyon";"MatÈriaux";"N/A";"N/A";"0";"0";"0"
"1343";"1";"Nantes";"MatÈriaux";"N/A";"N/A";"0";"0";"0"
"1382";"1";"Nantes";"MatÈriaux";"N/A";"N/A";"0";"0";"0"
"1384";"0";"Paris-UPMC";"MatÈriaux";"N/A";"N/A";"0";"0";"0"
"1390";"1";"Nantes";"MatÈriaux";"N/A";"N/A";"0";"0";"0"
"1391";"1";"Lyon";"MatÈriaux";"N/A";"N/A";"0";"0";"0"
"1407";"1";"Lille";"MatÈriaux";"N/A";"N/A";"0";"0";"0"
"1408";"1";"Lille";"MatÈriaux";"N/A";"N/A";"0";"0";"0"
"103";"1";"OrlÈans";"…lectronique";"N/A";"N/A";"0";"0";"0"
"107";"1";"OrlÈans";"…lectronique";"US";"…tudes";"1";"0";"0"
"133";"1";"Nantes";"…lectronique";"N/A";"N/A";"0";"0";"0"
"134";"1";"Nantes";"…lectronique";"N/A";"N/A";"0";"0";"0"
"146";"1";"Nantes";"…lectronique";"AU";"Stage";"0";"0";"0"
"158";"1";"OrlÈans";"…lectronique";"N/A";"N/A";"0";"0";"0"
"182";"0";"Nantes";"…lectronique";"N/A";"N/A";"0";"0";"0"
"211";"1";"Nice-Sophia";"…lectronique";"GB";"Stage";"1";"1";"0"
"226";"1";"Nantes";"…lectronique";"N/A";"N/A";"0";"0";"0"
"228";"1";"Nantes";"…lectronique";"N/A";"N/A";"0";"0";"0"
"243";"1";"Nantes";"…lectronique";"US";"Stage";"1";"0";"0"
"246";"0";"Montpellier";"…lectronique";"N/A";"N/A";"0";"0";"0"
"266";"1";"Nice-Sophia";"…lectronique";"CA";"…tudes";"1";"1";"0"
"278";"1";"Nantes";"…lectronique";"MY";"Stage";"0";"0";"0"
"282";"0";"Paris-UPMC";"…lectronique";"N/A";"N/A";"0";"0";"0"
"284";"1";"Nantes";"…lectronique";"N/A";"N/A";"0";"0";"0"
"285";"1";"Paris-UPMC";"…lectronique";"N/A";"N/A";"0";"0";"0"
"292";"1";"Nantes";"…lectronique";"N/A";"N/A";"0";"0";"0"
"320";"1";"Paris-Sud";"…lectronique";"SE";"…tudes";"1";"1";"0"
"322";"1";"Paris-Sud";"…lectronique";"IN";"…tudes";"1";"1";"0"
"322";"1";"Paris-Sud";"…lectronique";"DE";"Stage";"1";"0";"0"
"333";"1";"Paris-Sud";"…lectronique";"N/A";"N/A";"0";"0";"0"
"369";"1";"Paris-Sud";"…lectronique";"LA";"Stage";"0";"0";"0"
"385";"1";"Annecy-Chambery";"…lectronique";"GB";"Stage";"0";"0";"0"
"405";"1";"Lille";"…lectronique";"N/A";"N/A";"0";"0";"0"
"410";"1";"Lille";"…lectronique";"N/A";"N/A";"0";"0";"0"
"416";"1";"Lille";"…lectronique";"ES";"Stage";"1";"1";"0"
"461";"1";"Lille";"…lectronique";"N/A";"N/A";"0";"0";"0"
"464";"1";"Lille";"…lectronique";"DE";"…tudes";"1";"0";"0"
"465";"0";"Nice-Sophia";"…lectronique";"N/A";"N/A";"0";"0";"0"
"474";"1";"Lille";"…lectronique";"CN";"Stage";"1";"0";"0"
"479";"1";"Lille";"…lectronique";"BE";"Stage";"0";"0";"0"
"481";"1";"Lille";"…lectronique";"N/A";"N/A";"0";"0";"0"
"482";"1";"Paris-UPMC";"…lectronique";"N/A";"N/A";"0";"0";"0"
"493";"1";"Nantes";"…lectronique";"GB";"Stage";"1";"0";"0"
"500";"1";"OrlÈans";"…lectronique";"N/A";"N/A";"0";"0";"0"
"515";"1";"Marseille";"…lectronique";"N/A";"N/A";"0";"0";"0"
"521";"1";"Marseille";"…lectronique";"N/A";"N/A";"0";"0";"0"
"529";"1";"Paris-Sud";"…lectronique";"N/A";"N/A";"0";"0";"0"
"543";"1";"OrlÈans";"…lectronique";"N/A";"N/A";"0";"0";"0"
"549";"1";"Grenoble";"…lectronique";"N/A";"N/A";"0";"0";"0"
"587";"1";"Nice-Sophia";"…lectronique";"N/A";"N/A";"0";"0";"0"
"596";"1";"Paris-UPMC";"…lectronique";"TW";"Stage";"0";"0";"0"
"618";"1";"Marseille";"…lectronique";"N/A";"N/A";"0";"0";"0"
"667";"1";"Nice-Sophia";"…lectronique";"N/A";"N/A";"0";"0";"0"
"681";"1";"Montpellier";"…lectronique";"CA";"…tudes";"0";"0";"0"
"693";"1";"Nantes";"…lectronique";"N/A";"N/A";"0";"0";"0"
"695";"1";"Grenoble";"…lectronique";"N/A";"N/A";"0";"0";"0"
"706";"1";"OrlÈans";"…lectronique";"N/A";"N/A";"0";"0";"0"
"716";"1";"Nice-Sophia";"…lectronique";"N/A";"N/A";"0";"0";"0"
"718";"1";"Montpellier";"…lectronique";"N/A";"N/A";"0";"0";"0"
"725";"1";"OrlÈans";"…lectronique";"SE";"…tudes";"1";"1";"0"
"730";"1";"Marseille";"…lectronique";"N/A";"N/A";"0";"0";"0"
"742";"1";"Grenoble";"…lectronique";"BE";"Stage";"0";"0";"1"
"742";"1";"Grenoble";"…lectronique";"CA";"…tudes";"0";"0";"0"
"764";"1";"Nice-Sophia";"…lectronique";"N/A";"N/A";"0";"0";"0"
"784";"1";"Paris-Sud";"…lectronique";"N/A";"N/A";"0";"0";"0"
"828";"1";"Montpellier";"…lectronique";"CN";"…tudes";"0";"0";"0"
"831";"1";"Montpellier";"…lectronique";"N/A";"N/A";"0";"0";"0"
"859";"1";"Nice-Sophia";"…lectronique";"N/A";"N/A";"0";"0";"0"
"862";"0";"OrlÈans";"…lectronique";"N/A";"N/A";"0";"0";"0"
"865";"1";"Clermont";"…lectronique";"GB";"Stage";"1";"0";"0"
"880";"1";"Nice-Sophia";"…lectronique";"NL";"Stage";"0";"0";"0"
"880";"1";"Nice-Sophia";"…lectronique";"NZ";"Voyage";"0";"0";"0"
"883";"1";"Nantes";"…lectronique";"CN";"Stage";"1";"0";"0"
"896";"1";"Paris-UPMC";"…lectronique";"IE";"Stage";"0";"0";"0"
"908";"1";"Paris-UPMC";"…lectronique";"N/A";"N/A";"0";"0";"0"
"913";"1";"Paris-UPMC";"…lectronique";"N/A";"N/A";"0";"0";"0"
"920";"1";"Nantes";"…lectronique";"CN";"Stage";"1";"0";"0"
"920";"1";"Nantes";"…lectronique";"CN";"Travail";"1";"0";"0"
"920";"1";"Nantes";"…lectronique";"CN";"Travail";"1";"0";"0"
"923";"1";"Lille";"…lectronique";"N/A";"N/A";"0";"0";"0"
"926";"1";"Nantes";"…lectronique";"N/A";"N/A";"0";"0";"0"
"928";"0";"Tours";"…lectronique";"N/A";"N/A";"0";"0";"0"
"929";"1";"Grenoble";"…lectronique";"CZ";"Stage";"1";"0";"0"
"940";"1";"Marseille";"…lectronique";"N/A";"N/A";"0";"0";"0"
"942";"1";"Paris-UPMC";"…lectronique";"US";"Stage";"1";"1";"0"
"949";"1";"Grenoble";"…lectronique";"DE";"Stage";"1";"1";"0"
"953";"1";"Nice-Sophia";"…lectronique";"US";"Stage";"0";"0";"0"
"963";"1";"Nantes";"…lectronique";"N/A";"N/A";"0";"0";"0"
"971";"0";"Nantes";"…lectronique";"N/A";"N/A";"0";"0";"0"
"973";"1";"Nice-Sophia";"…lectronique";"GB";"Travail";"1";"0";"0"
"978";"1";"Lille";"…lectronique";"N/A";"N/A";"0";"0";"0"
"980";"1";"Nantes";"…lectronique";"IN";"Stage";"0";"0";"0"
"981";"0";"OrlÈans";"…lectronique";"N/A";"N/A";"0";"0";"0"
"987";"1";"Nantes";"…lectronique";"N/A";"N/A";"0";"0";"0"
"996";"1";"Nice-Sophia";"…lectronique";"CN";"Travail";"1";"1";"0"
"996";"1";"Nice-Sophia";"…lectronique";"US";"Stage";"1";"1";"0"
"996";"1";"Nice-Sophia";"…lectronique";"AU";"Voyage";"0";"1";"0"
"1020";"1";"Tours";"…lectronique";"N/A";"N/A";"0";"0";"0"
"1027";"1";"Paris-UPMC";"…lectronique";"CH";"Stage";"0";"0";"0"
"1031";"1";"Marseille";"…lectronique";"N/A";"N/A";"0";"0";"0"
"1040";"1";"Grenoble";"…lectronique";"N/A";"N/A";"0";"0";"0"
"1046";"1";"Grenoble";"…lectronique";"PL";"Stage";"0";"0";"0"
"1048";"1";"Grenoble";"…lectronique";"MA";"Stage";"1";"0";"0"
"1048";"1";"Grenoble";"…lectronique";"PT";"Stage";"1";"0";"0"
"1055";"1";"Paris-UPMC";"…lectronique";"JP";"Stage";"1";"0";"0"
"1063";"1";"Paris-Sud";"…lectronique";"N/A";"N/A";"0";"0";"0"
"1088";"1";"Grenoble";"…lectronique";"N/A";"N/A";"0";"0";"0"
"1104";"1";"Nantes";"…lectronique";"N/A";"N/A";"0";"0";"0"
"1113";"1";"Grenoble";"…lectronique";"DE";"Stage";"1";"1";"0"
"1118";"1";"Lille";"…lectronique";"GB";"Stage";"0";"0";"0"
"1119";"1";"Lille";"…lectronique";"N/A";"N/A";"0";"0";"0"
"1121";"1";"Lille";"…lectronique";"GB";"Stage";"0";"0";"0"
"1127";"1";"OrlÈans";"…lectronique";"N/A";"N/A";"0";"0";"0"
"1131";"1";"Lille";"…lectronique";"N/A";"N/A";"0";"0";"0"
"1132";"1";"Grenoble";"…lectronique";"BE";"Stage";"1";"0";"0"
"1133";"1";"Montpellier";"…lectronique";"DE";"Stage";"1";"1";"0"
"1137";"1";"Paris-Sud";"…lectronique";"N/A";"N/A";"0";"0";"0"
"1145";"1";"Grenoble";"…lectronique";"N/A";"N/A";"0";"0";"0"
"1169";"1";"Montpellier";"…lectronique";"DE";"Stage";"0";"0";"0"
"1175";"0";"Paris-Sud";"…lectronique";"N/A";"N/A";"0";"0";"0"
"1179";"0";"Paris-UPMC";"…lectronique";"N/A";"N/A";"0";"0";"0"
"1203";"1";"Lille";"…lectronique";"N/A";"N/A";"0";"0";"0"
"1207";"1";"Grenoble";"…lectronique";"N/A";"N/A";"0";"0";"0"
"1212";"1";"Grenoble";"…lectronique";"N/A";"N/A";"0";"0";"0"
"1240";"1";"Tours";"…lectronique";"GR";"Stage";"1";"1";"0"
"1242";"1";"Nantes";"…lectronique";"N/A";"N/A";"0";"0";"0"
"1268";"1";"Lille";"…lectronique";"N/A";"N/A";"0";"0";"0"
"1275";"1";"Nantes";"…lectronique";"N/A";"N/A";"0";"0";"0"
"1307";"1";"Montpellier";"…lectronique";"N/A";"N/A";"0";"0";"0"
"1323";"1";"Nantes";"…lectronique";"N/A";"N/A";"0";"0";"0"
"1345";"1";"Montpellier";"…lectronique";"N/A";"N/A";"0";"0";"0"
"1396";"1";"Montpellier";"…lectronique";"N/A";"N/A";"0";"0";"0"
"1399";"1";"Montpellier";"…lectronique";"N/A";"N/A";"0";"0";"0"
"1400";"1";"Montpellier";"…lectronique";"N/A";"N/A";"0";"0";"0"
"16";"1";"Nantes";"…nergie";"MA";"Stage";"1";"0";"0"
"16";"1";"Nantes";"…nergie";"CN";"Stage";"1";"0";"0"
"16";"1";"Nantes";"…nergie";"US";"…tudes";"0";"0";"0"
"21";"1";"Nantes";"…nergie";"SE";"Stage";"1";"0";"0"
"21";"1";"Nantes";"…nergie";"CA";"…tudes";"0";"0";"0"
"21";"1";"Nantes";"…nergie";"SE";"Stage";"0";"0";"0"
"24";"1";"Nantes";"…nergie";"PT";"Stage";"0";"0";"0"
"27";"1";"Nantes";"…nergie";"N/A";"N/A";"0";"0";"0"
"82";"1";"Nantes";"…nergie";"AU";"Stage";"0";"0";"0"
"112";"1";"Nantes";"…nergie";"N/A";"N/A";"0";"0";"0"
"113";"1";"Marseille";"…nergie";"N/A";"N/A";"0";"0";"0"
"118";"1";"Nantes";"…nergie";"IE";"Stage";"0";"0";"0"
"123";"1";"Nantes";"…nergie";"N/A";"N/A";"0";"0";"0"
"126";"1";"Nantes";"…nergie";"DK";"Stage";"0";"0";"0"
"126";"1";"Nantes";"…nergie";"IN";"Stage";"0";"0";"0"
"127";"1";"Nantes";"…nergie";"BE";"Stage";"1";"0";"0"
"131";"0";"Nantes";"…nergie";"N/A";"N/A";"0";"0";"0"
"141";"1";"Annecy-Chambery";"…nergie";"JP";"Stage";"1";"0";"0"
"142";"1";"Nantes";"…nergie";"JP";"Stage";"0";"0";"0"
"148";"1";"Nantes";"…nergie";"CA";"…tudes";"1";"0";"0"
"149";"1";"Nantes";"…nergie";"GB";"Stage";"0";"0";"0"
"151";"1";"Nantes";"…nergie";"CA";"Stage";"0";"0";"0"
"152";"1";"Nantes";"…nergie";"CA";"Stage";"1";"0";"0"
"155";"1";"Annecy-Chambery";"…nergie";"N/A";"N/A";"0";"0";"0"
"157";"1";"Annecy-Chambery";"…nergie";"N/A";"N/A";"0";"0";"0"
"159";"1";"Annecy-Chambery";"…nergie";"N/A";"N/A";"0";"0";"0"
"168";"1";"Nantes";"…nergie";"N/A";"N/A";"0";"0";"0"
"191";"1";"Nantes";"…nergie";"N/A";"N/A";"0";"0";"0"
"206";"1";"Nantes";"…nergie";"IS";"Stage";"0";"0";"0"
"220";"1";"Nantes";"…nergie";"GB";"Stage";"0";"0";"0"
"220";"1";"Nantes";"…nergie";"GB";"…tudes";"0";"0";"0"
"244";"1";"Annecy-Chambery";"…nergie";"AT";"…tudes";"1";"1";"0"
"255";"1";"Nantes";"…nergie";"N/A";"N/A";"0";"0";"0"
"267";"1";"Nantes";"…nergie";"US";"Stage";"1";"0";"0"
"273";"1";"Nantes";"…nergie";"GB";"Stage";"1";"0";"0"
"274";"1";"Nantes";"…nergie";"GB";"Stage";"1";"0";"0"
"277";"1";"Nantes";"…nergie";"GB";"Stage";"1";"0";"0"
"286";"1";"Nantes";"…nergie";"N/A";"N/A";"0";"0";"0"
"287";"1";"Nantes";"…nergie";"N/A";"N/A";"0";"0";"0"
"297";"1";"Nantes";"…nergie";"N/A";"N/A";"0";"0";"0"
"302";"1";"Nantes";"…nergie";"US";"Stage";"1";"1";"0"
"307";"1";"Nantes";"…nergie";"N/A";"N/A";"0";"0";"0"
"308";"1";"Nantes";"…nergie";"N/A";"N/A";"0";"0";"0"
"341";"1";"Annecy-Chambery";"…nergie";"N/A";"N/A";"0";"0";"0"
"344";"1";"Annecy-Chambery";"…nergie";"SE";"…tudes";"1";"1";"0"
"381";"1";"Clermont";"…nergie";"N/A";"N/A";"0";"0";"0"
"383";"1";"OrlÈans";"…nergie";"BR";"Voyage";"0";"0";"0"
"383";"1";"OrlÈans";"…nergie";"US";"…tudes";"1";"0";"0"
"396";"1";"Annecy-Chambery";"…nergie";"CA";"…tudes";"1";"1";"0"
"409";"0";"Grenoble";"…nergie";"N/A";"N/A";"0";"0";"0"
"452";"1";"Annecy-Chambery";"…nergie";"US";"Voyage";"0";"1";"0"
"483";"0";"Nantes";"…nergie";"N/A";"N/A";"0";"0";"0"
"489";"1";"Montpellier";"…nergie";"N/A";"N/A";"0";"0";"0"
"492";"1";"Nantes";"…nergie";"N/A";"N/A";"0";"0";"0"
"498";"1";"Clermont";"…nergie";"N/A";"N/A";"0";"0";"0"
"506";"1";"Annecy-Chambery";"…nergie";"N/A";"N/A";"0";"0";"0"
"520";"1";"Nantes";"…nergie";"N/A";"N/A";"0";"0";"0"
"523";"1";"Nantes";"…nergie";"N/A";"N/A";"0";"0";"0"
"538";"1";"Nantes";"…nergie";"N/A";"N/A";"0";"0";"0"
"578";"1";"Marseille";"…nergie";"N/A";"N/A";"0";"0";"0"
"588";"1";"Nantes";"…nergie";"IT";"Stage";"1";"0";"0"
"589";"0";"Marseille";"…nergie";"N/A";"N/A";"0";"0";"0"
"592";"1";"Marseille";"…nergie";"N/A";"N/A";"0";"0";"0"
"609";"1";"Nantes";"…nergie";"N/A";"N/A";"0";"0";"0"
"616";"0";"Annecy-Chambery";"…nergie";"N/A";"N/A";"0";"0";"0"
"621";"1";"Nantes";"…nergie";"N/A";"N/A";"0";"0";"0"
"625";"1";"Nantes";"…nergie";"N/A";"N/A";"0";"0";"0"
"642";"1";"Annecy-Chambery";"…nergie";"CN";"Stage";"0";"0";"0"
"653";"1";"Marseille";"…nergie";"N/A";"N/A";"0";"0";"0"
"687";"1";"Nantes";"…nergie";"US";"Stage";"1";"1";"0"
"690";"1";"OrlÈans";"…nergie";"N/A";"N/A";"0";"0";"0"
"691";"0";"Nantes";"…nergie";"N/A";"N/A";"0";"0";"0"
"719";"1";"Grenoble";"…nergie";"N/A";"N/A";"0";"0";"0"
"737";"1";"Annecy-Chambery";"…nergie";"JP";"Stage";"1";"0";"0"
"781";"1";"Nantes";"…nergie";"DE";"Stage";"0";"0";"0"
"782";"0";"Paris-UPMC";"…nergie";"N/A";"N/A";"0";"0";"0"
"805";"1";"Annecy-Chambery";"…nergie";"N/A";"N/A";"0";"0";"0"
"806";"1";"Nantes";"…nergie";"N/A";"N/A";"0";"0";"0"
"811";"1";"Paris-UPMC";"…nergie";"NO";"…tudes";"0";"0";"0"
"811";"1";"Paris-UPMC";"…nergie";"NO";"Stage";"0";"0";"0"
"819";"1";"Montpellier";"…nergie";"TT";"Stage";"0";"0";"0"
"829";"1";"Montpellier";"…nergie";"N/A";"N/A";"0";"0";"0"
"852";"1";"Nantes";"…nergie";"N/A";"N/A";"0";"0";"0"
"856";"1";"Nantes";"…nergie";"IE";"Stage";"1";"1";"0"
"856";"1";"Nantes";"…nergie";"RE";"Stage";"1";"1";"0"
"870";"1";"Nantes";"…nergie";"N/A";"N/A";"0";"0";"0"
"882";"1";"Annecy-Chambery";"…nergie";"CN";"Stage";"1";"1";"0"
"887";"1";"Nantes";"…nergie";"DE";"Stage";"1";"0";"0"
"899";"1";"Montpellier";"…nergie";"CH";"Stage";"1";"1";"0"
"919";"0";"Paris-UPMC";"…nergie";"N/A";"N/A";"0";"0";"0"
"938";"1";"OrlÈans";"…nergie";"GB";"…tudes";"1";"0";"0"
"938";"1";"OrlÈans";"…nergie";"NO";"…tudes";"1";"0";"0"
"948";"1";"OrlÈans";"…nergie";"GB";"…tudes";"1";"1";"0"
"948";"1";"OrlÈans";"…nergie";"NO";"Stage";"1";"1";"0"
"948";"1";"OrlÈans";"…nergie";"NO";"Travail";"1";"1";"0"
"948";"1";"OrlÈans";"…nergie";"NO";"…tudes";"1";"0";"0"
"948";"1";"OrlÈans";"…nergie";"NO";"Stage";"1";"0";"0"
"948";"1";"OrlÈans";"…nergie";"NO";"Stage";"1";"0";"0"
"960";"1";"Paris-UPMC";"…nergie";"CA";"…tudes";"1";"1";"0"
"960";"1";"Paris-UPMC";"…nergie";"CA";"Stage";"1";"1";"0"
"960";"1";"Paris-UPMC";"…nergie";"AU";"Travail";"1";"0";"0"
"965";"1";"Annecy-Chambery";"…nergie";"N/A";"N/A";"0";"0";"0"
"991";"1";"Nantes";"…nergie";"N/A";"N/A";"0";"0";"0"
"1000";"0";"OrlÈans";"…nergie";"N/A";"N/A";"0";"0";"0"
"1001";"0";"OrlÈans";"…nergie";"N/A";"N/A";"0";"0";"0"
"1002";"1";"Marseille";"…nergie";"N/A";"N/A";"0";"0";"0"
"1038";"1";"Annecy-Chambery";"…nergie";"N/A";"N/A";"0";"0";"0"
"1049";"0";"Marseille";"…nergie";"N/A";"N/A";"0";"0";"0"
"1051";"1";"Clermont";"…nergie";"N/A";"N/A";"0";"0";"0"
"1057";"1";"Annecy-Chambery";"…nergie";"NO";"Voyage";"0";"1";"0"
"1077";"1";"Nantes";"…nergie";"DE";"Stage";"1";"0";"0"
"1093";"1";"Montpellier";"…nergie";"IN";"Voyage";"0";"1";"0"
"1093";"1";"Montpellier";"…nergie";"GB";"Stage";"1";"0";"0"
"1124";"1";"Annecy-Chambery";"…nergie";"N/A";"N/A";"0";"0";"0"
"1141";"1";"Montpellier";"…nergie";"LA";"Stage";"1";"0";"0"
"1146";"0";"Montpellier";"…nergie";"N/A";"N/A";"0";"0";"0"
"1147";"1";"Nantes";"…nergie";"N/A";"N/A";"0";"0";"0"
"1150";"1";"Nantes";"…nergie";"N/A";"N/A";"0";"0";"0"
"1159";"1";"Clermont";"…nergie";"N/A";"N/A";"0";"0";"0"
"1190";"1";"Montpellier";"…nergie";"N/A";"N/A";"0";"0";"0"
"1193";"1";"Montpellier";"…nergie";"N/A";"N/A";"0";"0";"0"
"1195";"1";"Marseille";"…nergie";"US";"…tudes";"0";"0";"0"
"1196";"1";"Nantes";"…nergie";"N/A";"N/A";"0";"0";"0"
"1221";"1";"OrlÈans";"…nergie";"N/A";"N/A";"0";"0";"0"
"1224";"1";"Nantes";"…nergie";"N/A";"N/A";"0";"0";"0"
"1235";"1";"Montpellier";"…nergie";"N/A";"N/A";"0";"0";"0"
"1238";"0";"Montpellier";"…nergie";"N/A";"N/A";"0";"0";"0"
"1243";"1";"Nantes";"…nergie";"N/A";"N/A";"0";"0";"0"
"1269";"0";"Annecy-Chambery";"…nergie";"N/A";"N/A";"0";"0";"0"
"1278";"1";"Marseille";"…nergie";"N/A";"N/A";"0";"0";"0"
"1279";"1";"Marseille";"…nergie";"N/A";"N/A";"0";"0";"0"
"1316";"1";"OrlÈans";"…nergie";"N/A";"N/A";"0";"0";"0"
"1330";"1";"Nantes";"…nergie";"N/A";"N/A";"0";"0";"0"
"1346";"1";"Nantes";"…nergie";"N/A";"N/A";"0";"0";"0"
"1351";"0";"Marseille";"…nergie";"N/A";"N/A";"0";"0";"0"
"1352";"1";"Marseille";"…nergie";"N/A";"N/A";"0";"0";"0"
"1365";"1";"Marseille";"…nergie";"N/A";"N/A";"0";"0";"0"
"1378";"1";"Marseille";"…nergie";"N/A";"N/A";"0";"0";"0"
"1383";"0";"Marseille";"…nergie";"N/A";"N/A";"0";"0";"0"
"1388";"1";"Marseille";"…nergie";"N/A";"N/A";"0";"0";"0"
"1389";"1";"Marseille";"…nergie";"N/A";"N/A";"0";"0";"0"
"1393";"1";"Annecy-Chambery";"…nergie";"IE";"Travail";"1";"0";"0"
"1405";"1";"Nantes";"…nergie";"N/A";"N/A";"0";"0";"0"
"51";"1";"Clermont";"Biotechnologie";"N/A";"N/A";"0";"0";"0"
"52";"1";"Clermont";"Biotechnologie";"US";"Stage";"0";"0";"0"
"54";"1";"Clermont";"Biotechnologie";"CA";"Stage";"0";"0";"0"
"55";"1";"Clermont";"Biotechnologie";"IE";"Stage";"0";"0";"0"
"55";"1";"Clermont";"Biotechnologie";"CA";"Stage";"0";"0";"0"
"56";"1";"Clermont";"Biotechnologie";"IE";"Stage";"1";"0";"0"
"59";"1";"Clermont";"Biotechnologie";"US";"Stage";"0";"0";"0"
"60";"1";"Clermont";"Biotechnologie";"IE";"Stage";"0";"0";"0"
"67";"1";"Clermont";"Biotechnologie";"AU";"Stage";"0";"0";"0"
"68";"1";"Clermont";"Biotechnologie";"CA";"Stage";"0";"0";"0"
"77";"1";"Clermont";"Biotechnologie";"SJ";"…tudes";"0";"0";"0"
"78";"1";"Clermont";"Biotechnologie";"N/A";"N/A";"0";"0";"0"
"106";"1";"Clermont";"Biotechnologie";"FI";"Stage";"1";"1";"0"
"116";"1";"Marseille";"Biotechnologie";"N/A";"N/A";"0";"0";"0"
"121";"1";"Clermont";"Biotechnologie";"N/A";"N/A";"0";"0";"0"
"160";"1";"Montpellier";"Biotechnologie";"N/A";"N/A";"0";"0";"0"
"169";"1";"Marseille";"Biotechnologie";"GB";"…tudes";"1";"0";"0"
"186";"1";"Nantes";"Biotechnologie";"TG";"Stage";"1";"1";"1"
"188";"1";"Clermont";"Biotechnologie";"N/A";"N/A";"0";"0";"0"
"192";"1";"Montpellier";"Biotechnologie";"N/A";"N/A";"0";"0";"0"
"200";"1";"Clermont";"Biotechnologie";"IE";"Stage";"1";"0";"0"
"216";"1";"Marseille";"Biotechnologie";"N/A";"N/A";"0";"0";"0"
"229";"1";"Marseille";"Biotechnologie";"N/A";"N/A";"0";"0";"0"
"230";"0";"Clermont";"Biotechnologie";"N/A";"N/A";"0";"0";"0"
"249";"1";"Nice-Sophia";"Biotechnologie";"N/A";"N/A";"0";"0";"0"
"275";"1";"Marseille";"Biotechnologie";"N/A";"N/A";"0";"0";"0"
"310";"1";"Nantes";"Biotechnologie";"N/A";"N/A";"0";"0";"0"
"325";"1";"Paris-UPMC";"Biotechnologie";"GB";"Stage";"1";"1";"0"
"332";"1";"Paris-UPMC";"Biotechnologie";"N/A";"N/A";"0";"0";"0"
"334";"1";"Clermont";"Biotechnologie";"CL";"Stage";"1";"0";"0"
"343";"1";"Marseille";"Biotechnologie";"CA";"Stage";"1";"1";"0"
"366";"1";"Nice-Sophia";"Biotechnologie";"US";"Stage";"1";"0";"0"
"382";"1";"Clermont";"Biotechnologie";"N/A";"N/A";"0";"0";"0"
"387";"1";"Clermont";"Biotechnologie";"N/A";"N/A";"0";"0";"0"
"397";"1";"Clermont";"Biotechnologie";"CA";"Stage";"0";"0";"0"
"408";"1";"Lille";"Biotechnologie";"GB";"Stage";"1";"0";"0"
"408";"1";"Lille";"Biotechnologie";"CL";"…tudes";"0";"0";"0"
"412";"1";"Lille";"Biotechnologie";"N/A";"N/A";"0";"0";"0"
"415";"1";"Nantes";"Biotechnologie";"N/A";"N/A";"0";"0";"0"
"436";"1";"Marseille";"Biotechnologie";"US";"Stage";"1";"0";"0"
"454";"1";"Nantes";"Biotechnologie";"N/A";"N/A";"0";"0";"0"
"455";"1";"Lille";"Biotechnologie";"N/A";"N/A";"0";"0";"0"
"458";"1";"Clermont";"Biotechnologie";"N/A";"N/A";"0";"0";"0"
"472";"1";"Marseille";"Biotechnologie";"US";"Stage";"0";"0";"0"
"475";"1";"Marseille";"Biotechnologie";"US";"Stage";"1";"1";"0"
"484";"1";"Marseille";"Biotechnologie";"US";"Voyage";"0";"0";"0"
"484";"1";"Marseille";"Biotechnologie";"CA";"…tudes";"1";"0";"0"
"485";"1";"Marseille";"Biotechnologie";"BE";"Stage";"1";"0";"0"
"491";"1";"Montpellier";"Biotechnologie";"N/A";"N/A";"0";"0";"0"
"518";"1";"Marseille";"Biotechnologie";"N/A";"N/A";"0";"0";"0"
"527";"1";"Montpellier";"Biotechnologie";"N/A";"N/A";"0";"0";"0"
"551";"1";"Grenoble";"Biotechnologie";"CZ";"Stage";"1";"1";"0"
"594";"1";"Marseille";"Biotechnologie";"N/A";"N/A";"0";"0";"0"
"600";"1";"Clermont";"Biotechnologie";"KH";"Stage";"1";"1";"0"
"608";"1";"Marseille";"Biotechnologie";"N/A";"N/A";"0";"0";"0"
"622";"1";"Lille";"Biotechnologie";"N/A";"N/A";"0";"0";"0"
"676";"1";"Lille";"Biotechnologie";"N/A";"N/A";"0";"0";"0"
"680";"1";"Nantes";"Biotechnologie";"N/A";"N/A";"0";"0";"0"
"709";"1";"Marseille";"Biotechnologie";"GB";"Stage";"0";"0";"0"
"721";"1";"Nice-Sophia";"Biotechnologie";"GB";"Stage";"0";"0";"0"
"772";"1";"Clermont";"Biotechnologie";"N/A";"N/A";"0";"0";"0"
"777";"1";"Paris-UPMC";"Biotechnologie";"ES";"Stage";"1";"1";"0"
"800";"1";"Marseille";"Biotechnologie";"GB";"Stage";"1";"0";"0"
"802";"1";"Paris-UPMC";"Biotechnologie";"N/A";"N/A";"0";"0";"0"
"803";"1";"Marseille";"Biotechnologie";"US";"Stage";"1";"1";"0"
"820";"1";"Clermont";"Biotechnologie";"US";"Stage";"0";"0";"0"
"821";"1";"Marseille";"Biotechnologie";"GB";"Stage";"1";"1";"0"
"835";"1";"Nice-Sophia";"Biotechnologie";"GB";"…tudes";"1";"1";"0"
"848";"1";"Nantes";"Biotechnologie";"NL";"Stage";"1";"1";"0"
"857";"1";"Clermont";"Biotechnologie";"N/A";"N/A";"0";"0";"0"
"861";"1";"Clermont";"Biotechnologie";"IN";"Stage";"0";"0";"0"
"861";"1";"Clermont";"Biotechnologie";"ES";"Stage";"0";"0";"0"
"861";"1";"Clermont";"Biotechnologie";"IN";"Stage";"0";"0";"0"
"861";"1";"Clermont";"Biotechnologie";"IN";"Travail";"1";"0";"0"
"866";"1";"Clermont";"Biotechnologie";"CA";"Stage";"1";"0";"0"
"893";"1";"Marseille";"Biotechnologie";"N/A";"N/A";"0";"0";"0"
"934";"1";"Lille";"Biotechnologie";"N/A";"N/A";"0";"0";"0"
"951";"1";"Paris-UPMC";"Biotechnologie";"N/A";"N/A";"0";"0";"0"
"969";"1";"Clermont";"Biotechnologie";"N/A";"N/A";"0";"0";"0"
"985";"1";"Clermont";"Biotechnologie";"JP";"Stage";"1";"0";"0"
"1004";"1";"Nantes";"Biotechnologie";"GB";"Stage";"0";"0";"0"
"1005";"1";"Lille";"Biotechnologie";"CA";"Stage";"1";"1";"0"
"1008";"1";"Nantes";"Biotechnologie";"N/A";"N/A";"0";"0";"0"
"1011";"1";"Nice-Sophia";"Biotechnologie";"GB";"Stage";"0";"0";"0"
"1015";"1";"Nantes";"Biotechnologie";"GB";"Stage";"1";"0";"0"
"1015";"1";"Nantes";"Biotechnologie";"NL";"…tudes";"0";"0";"0"
"1033";"1";"Clermont";"Biotechnologie";"N/A";"N/A";"0";"0";"0"
"1034";"0";"Clermont";"Biotechnologie";"N/A";"N/A";"0";"0";"0"
"1039";"1";"Lille";"Biotechnologie";"N/A";"N/A";"0";"0";"0"
"1044";"1";"Clermont";"Biotechnologie";"N/A";"N/A";"0";"0";"0"
"1065";"0";"Nice-Sophia";"Biotechnologie";"N/A";"N/A";"0";"0";"0"
"1067";"1";"Nantes";"Biotechnologie";"N/A";"N/A";"0";"0";"0"
"1083";"1";"Marseille";"Biotechnologie";"US";"Voyage";"0";"1";"0"
"1083";"1";"Marseille";"Biotechnologie";"US";"Stage";"1";"1";"0"
"1083";"1";"Marseille";"Biotechnologie";"US";"Voyage";"0";"1";"0"
"1089";"1";"Nice-Sophia";"Biotechnologie";"N/A";"N/A";"0";"0";"0"
"1090";"1";"Marseille";"Biotechnologie";"N/A";"N/A";"0";"0";"0"
"1092";"1";"Clermont";"Biotechnologie";"N/A";"N/A";"0";"0";"0"
"1100";"1";"Marseille";"Biotechnologie";"N/A";"N/A";"0";"0";"0"
"1108";"1";"Lille";"Biotechnologie";"IT";"Voyage";"0";"0";"0"
"1114";"1";"Marseille";"Biotechnologie";"N/A";"N/A";"0";"0";"0"
"1153";"1";"Clermont";"Biotechnologie";"N/A";"N/A";"0";"0";"0"
"1154";"1";"Clermont";"Biotechnologie";"CA";"Stage";"1";"0";"0"
"1170";"1";"Nice-Sophia";"Biotechnologie";"N/A";"N/A";"0";"0";"0"
"1218";"1";"Paris-UPMC";"Biotechnologie";"N/A";"N/A";"0";"0";"0"
"1233";"1";"Clermont";"Biotechnologie";"N/A";"N/A";"0";"0";"0"
"1251";"1";"Nantes";"Biotechnologie";"N/A";"N/A";"0";"0";"0"
"1252";"1";"Clermont";"Biotechnologie";"N/A";"N/A";"0";"0";"0"
"1267";"0";"Nice-Sophia";"Biotechnologie";"N/A";"N/A";"0";"0";"0"
"1273";"1";"Grenoble";"Biotechnologie";"N/A";"N/A";"0";"0";"0"
"1288";"1";"Clermont";"Biotechnologie";"N/A";"N/A";"0";"0";"0"
"1295";"1";"Clermont";"Biotechnologie";"N/A";"N/A";"0";"0";"0"
"1298";"1";"Clermont";"Biotechnologie";"N/A";"N/A";"0";"0";"0"
"1299";"1";"Clermont";"Biotechnologie";"N/A";"N/A";"0";"0";"0"
"1300";"1";"Clermont";"Biotechnologie";"N/A";"N/A";"0";"0";"0"
"1304";"1";"Clermont";"Biotechnologie";"N/A";"N/A";"0";"0";"0"
"1315";"1";"Clermont";"Biotechnologie";"N/A";"N/A";"0";"0";"0"
"1320";"1";"Clermont";"Biotechnologie";"N/A";"N/A";"0";"0";"0"
"1321";"0";"Clermont";"Biotechnologie";"N/A";"N/A";"0";"0";"0"
"1332";"1";"Clermont";"Biotechnologie";"N/A";"N/A";"0";"0";"0"
"1336";"1";"Nantes";"Biotechnologie";"N/A";"N/A";"0";"0";"0"
"1337";"0";"Clermont";"Biotechnologie";"N/A";"N/A";"0";"0";"0"
"1338";"1";"Clermont";"Biotechnologie";"N/A";"N/A";"0";"0";"0"
"1339";"1";"Clermont";"Biotechnologie";"N/A";"N/A";"0";"0";"0"
"1340";"0";"Clermont";"Biotechnologie";"N/A";"N/A";"0";"0";"0"
"1347";"1";"Marseille";"Biotechnologie";"N/A";"N/A";"0";"0";"0"
"1349";"1";"Marseille";"Biotechnologie";"N/A";"N/A";"0";"0";"0"
"1350";"0";"Clermont";"Biotechnologie";"N/A";"N/A";"0";"0";"0"
"1355";"1";"Paris-UPMC";"Biotechnologie";"N/A";"N/A";"0";"0";"0"
"1356";"1";"Marseille";"Biotechnologie";"N/A";"N/A";"0";"0";"0"
"1357";"1";"Marseille";"Biotechnologie";"N/A";"N/A";"0";"0";"0"
"1369";"1";"Clermont";"Biotechnologie";"N/A";"N/A";"0";"0";"0"
"1372";"1";"Clermont";"Biotechnologie";"N/A";"N/A";"0";"0";"0"
"1409";"1";"Marseille";"Biotechnologie";"N/A";"N/A";"0";"0";"0"
"65";"1";"Grenoble";"BiomÈdical";"US";"Stage";"0";"0";"0"
"66";"1";"Grenoble";"BiomÈdical";"CA";"Stage";"0";"0";"0"
"94";"1";"Lyon";"BiomÈdical";"N/A";"N/A";"0";"0";"0"
"122";"1";"Marseille";"BiomÈdical";"GB";"Stage";"0";"0";"0"
"145";"1";"Clermont";"BiomÈdical";"N/A";"N/A";"0";"0";"0"
"237";"0";"Montpellier";"BiomÈdical";"N/A";"N/A";"0";"0";"0"
"395";"1";"Lyon";"BiomÈdical";"N/A";"N/A";"0";"0";"0"
"401";"1";"Lille";"BiomÈdical";"N/A";"N/A";"0";"0";"0"
"421";"0";"Clermont";"BiomÈdical";"N/A";"N/A";"0";"0";"0"
"425";"1";"Lille";"BiomÈdical";"N/A";"N/A";"0";"0";"0"
"431";"1";"Grenoble";"BiomÈdical";"N/A";"N/A";"0";"0";"0"
"432";"1";"Grenoble";"BiomÈdical";"N/A";"N/A";"0";"0";"0"
"434";"1";"Marseille";"BiomÈdical";"NL";"Stage";"0";"1";"0"
"435";"0";"Marseille";"BiomÈdical";"N/A";"N/A";"0";"0";"0"
"501";"1";"Grenoble";"BiomÈdical";"N/A";"N/A";"0";"0";"0"
"504";"1";"Nantes";"BiomÈdical";"N/A";"N/A";"0";"0";"0"
"531";"1";"Lyon";"BiomÈdical";"N/A";"N/A";"0";"0";"0"
"534";"0";"Marseille";"BiomÈdical";"N/A";"N/A";"0";"0";"0"
"541";"1";"Marseille";"BiomÈdical";"GB";"Stage";"1";"0";"0"
"548";"1";"Marseille";"BiomÈdical";"N/A";"N/A";"0";"0";"0"
"550";"1";"Marseille";"BiomÈdical";"N/A";"N/A";"0";"0";"0"
"553";"1";"Grenoble";"BiomÈdical";"N/A";"N/A";"0";"0";"0"
"555";"1";"Grenoble";"BiomÈdical";"TW";"Stage";"0";"0";"0"
"573";"1";"Marseille";"BiomÈdical";"N/A";"N/A";"0";"0";"0"
"576";"0";"Grenoble";"BiomÈdical";"N/A";"N/A";"0";"0";"0"
"583";"1";"Marseille";"BiomÈdical";"AU";"Stage";"0";"0";"0"
"602";"0";"Annecy-Chambery";"BiomÈdical";"N/A";"N/A";"0";"0";"0"
"629";"1";"Lyon";"BiomÈdical";"N/A";"N/A";"0";"0";"0"
"631";"1";"Lyon";"BiomÈdical";"N/A";"N/A";"0";"0";"0"
"638";"1";"Lyon";"BiomÈdical";"N/A";"N/A";"0";"0";"0"
"639";"1";"Clermont";"BiomÈdical";"US";"Stage";"1";"0";"0"
"654";"1";"Lyon";"BiomÈdical";"N/A";"N/A";"0";"0";"0"
"750";"1";"Marseille";"BiomÈdical";"N/A";"N/A";"0";"0";"0"
"757";"1";"Lyon";"BiomÈdical";"N/A";"N/A";"0";"0";"0"
"771";"1";"Grenoble";"BiomÈdical";"N/A";"N/A";"0";"0";"0"
"775";"1";"Grenoble";"BiomÈdical";"N/A";"N/A";"0";"0";"0"
"788";"1";"Lyon";"BiomÈdical";"CH";"Stage";"1";"0";"0"
"788";"1";"Lyon";"BiomÈdical";"CH";"Stage";"1";"0";"0"
"804";"1";"Lyon";"BiomÈdical";"DE";"Voyage";"0";"0";"0"
"895";"1";"Marseille";"BiomÈdical";"N/A";"N/A";"0";"0";"0"
"945";"1";"Nice-Sophia";"BiomÈdical";"N/A";"N/A";"0";"0";"0"
"950";"1";"Montpellier";"BiomÈdical";"UY";"Stage";"1";"0";"0"
"957";"0";"Annecy-Chambery";"BiomÈdical";"N/A";"N/A";"0";"0";"0"
"1025";"1";"Lyon";"BiomÈdical";"N/A";"N/A";"0";"0";"0"
"1036";"0";"Grenoble";"BiomÈdical";"N/A";"N/A";"0";"0";"0"
"1041";"1";"Marseille";"BiomÈdical";"N/A";"N/A";"0";"0";"0"
"1043";"1";"Lille";"BiomÈdical";"N/A";"N/A";"0";"0";"0"
"1061";"1";"Marseille";"BiomÈdical";"N/A";"N/A";"0";"0";"0"
"1066";"1";"Marseille";"BiomÈdical";"N/A";"N/A";"0";"0";"0"
"1076";"1";"Lyon";"BiomÈdical";"N/A";"N/A";"0";"0";"0"
"1091";"1";"Marseille";"BiomÈdical";"N/A";"N/A";"0";"0";"0"
"1094";"1";"Paris-UPMC";"BiomÈdical";"N/A";"N/A";"0";"0";"0"
"1095";"1";"Paris-UPMC";"BiomÈdical";"BE";"Stage";"1";"1";"0"
"1103";"1";"Clermont";"BiomÈdical";"N/A";"N/A";"0";"0";"0"
"1110";"1";"Marseille";"BiomÈdical";"N/A";"N/A";"0";"0";"0"
"1117";"1";"Lyon";"BiomÈdical";"N/A";"N/A";"0";"0";"0"
"1128";"1";"Grenoble";"BiomÈdical";"TW";"Stage";"0";"0";"0"
"1128";"1";"Grenoble";"BiomÈdical";"ES";"…tudes";"1";"0";"0"
"1148";"1";"Montpellier";"BiomÈdical";"N/A";"N/A";"0";"0";"0"
"1151";"1";"Marseille";"BiomÈdical";"N/A";"N/A";"0";"0";"0"
"1158";"1";"Clermont";"BiomÈdical";"N/A";"N/A";"0";"0";"0"
"1161";"1";"Lyon";"BiomÈdical";"NL";"Stage";"1";"0";"0"
"1163";"1";"Annecy-Chambery";"BiomÈdical";"N/A";"N/A";"0";"0";"0"
"1176";"1";"Grenoble";"BiomÈdical";"N/A";"N/A";"0";"0";"0"
"1182";"1";"Lyon";"BiomÈdical";"N/A";"N/A";"0";"0";"0"
"1201";"1";"Grenoble";"BiomÈdical";"N/A";"N/A";"0";"0";"0"
"1202";"1";"Grenoble";"BiomÈdical";"N/A";"N/A";"0";"0";"0"
"1206";"1";"Tours";"BiomÈdical";"N/A";"N/A";"0";"0";"0"
"1230";"0";"Clermont";"BiomÈdical";"N/A";"N/A";"0";"0";"0"
"1264";"1";"Grenoble";"BiomÈdical";"N/A";"N/A";"0";"0";"0"
"1270";"1";"Nice-Sophia";"BiomÈdical";"N/A";"N/A";"0";"0";"0"
"1319";"0";"Annecy-Chambery";"BiomÈdical";"N/A";"N/A";"0";"0";"0"
"1331";"1";"Clermont";"BiomÈdical";"CA";"Stage";"1";"1";"0"
"1341";"1";"Lyon";"BiomÈdical";"N/A";"N/A";"0";"0";"0"
"1362";"1";"Lille";"BiomÈdical";"N/A";"N/A";"0";"0";"0"
"1368";"1";"Clermont";"BiomÈdical";"N/A";"N/A";"0";"0";"0"
"1392";"1";"Clermont";"BiomÈdical";"N/A";"N/A";"0";"0";"0"
"1404";"1";"Lyon";"BiomÈdical";"N/A";"N/A";"0";"0";"0"
"1406";"0";"Tours";"BiomÈdical";"N/A";"N/A";"0";"0";"0"
"63";"1";"Grenoble";"Industrie";"N/A";"N/A";"0";"0";"0"
"305";"1";"Paris-UPMC";"Industrie";"N/A";"N/A";"0";"0";"0"
"352";"1";"Marseille";"Industrie";"N/A";"N/A";"0";"0";"0"
"407";"1";"Lille";"Industrie";"CL";"…tudes";"1";"0";"0"
"426";"1";"Lille";"Industrie";"DE";"Stage";"1";"1";"0"
"509";"1";"Grenoble";"Industrie";"GB";"Stage";"1";"0";"0"
"640";"1";"Lyon";"Industrie";"CA";"…tudes";"1";"0";"0"
"645";"1";"Grenoble";"Industrie";"GB";"Stage";"0";"0";"0"
"646";"1";"Grenoble";"Industrie";"US";"Stage";"0";"0";"0"
"650";"1";"Lyon";"Industrie";"N/A";"N/A";"0";"0";"0"
"662";"1";"Lille";"Industrie";"AU";"Stage";"0";"0";"0"
"729";"1";"OrlÈans";"Industrie";"N/A";"N/A";"0";"0";"0"
"754";"1";"Montpellier";"Industrie";"N/A";"N/A";"0";"0";"0"
"825";"1";"Lille";"Industrie";"ES";"Voyage";"0";"0";"0"
"827";"1";"Paris-UPMC";"Industrie";"SN";"Stage";"0";"0";"0"
"871";"1";"Paris-UPMC";"Industrie";"CA";"…tudes";"1";"1";"0"
"871";"1";"Paris-UPMC";"Industrie";"TW";"Stage";"1";"1";"0"
"921";"0";"Lille";"Industrie";"N/A";"N/A";"0";"0";"0"
"974";"0";"Nantes";"Industrie";"N/A";"N/A";"0";"0";"0"
"990";"1";"Montpellier";"Industrie";"N/A";"N/A";"0";"0";"0"
"993";"0";"Grenoble";"Industrie";"N/A";"N/A";"0";"0";"0"
"1012";"1";"Paris-UPMC";"Industrie";"LU";"Stage";"1";"0";"0"
"1099";"1";"Grenoble";"Industrie";"GB";"Stage";"0";"0";"0"
"1109";"1";"Montpellier";"Industrie";"N/A";"N/A";"0";"0";"0"
"1138";"1";"Lille";"Industrie";"N/A";"N/A";"0";"0";"0"
"1166";"1";"Grenoble";"Industrie";"N/A";"N/A";"0";"0";"0"
"1180";"0";"Paris-UPMC";"Industrie";"N/A";"N/A";"0";"0";"0"
"1184";"1";"Lille";"Industrie";"N/A";"N/A";"0";"0";"0"
"1227";"1";"Paris-UPMC";"Industrie";"N/A";"N/A";"0";"0";"0"
"1250";"1";"Paris-UPMC";"Industrie";"N/A";"N/A";"0";"0";"0"
"1312";"0";"Clermont";"Industrie";"N/A";"N/A";"0";"0";"0"
"1333";"1";"Clermont";"Industrie";"N/A";"N/A";"0";"0";"0"
"1358";"1";"Marseille";"Industrie";"N/A";"N/A";"0";"0";"0"
"176";"1";"Nantes";"…lectrique";"N/A";"N/A";"0";"0";"0"
"183";"1";"Nantes";"…lectrique";"N/A";"N/A";"0";"0";"0"
"205";"1";"Clermont";"…lectrique";"JP";"Stage";"1";"0";"1"
"404";"1";"Nantes";"…lectrique";"N/A";"N/A";"0";"0";"0"
"443";"1";"Clermont";"…lectrique";"CA";"Voyage";"0";"1";"0"
"457";"1";"Nantes";"…lectrique";"N/A";"N/A";"0";"0";"0"
"463";"1";"Clermont";"…lectrique";"GB";"Stage";"0";"0";"0"
"533";"1";"Nantes";"…lectrique";"N/A";"N/A";"0";"0";"0"
"684";"1";"Clermont";"…lectrique";"JP";"Stage";"0";"0";"0"
"685";"1";"Nantes";"…lectrique";"GB";"Stage";"1";"0";"0"
"685";"1";"Nantes";"…lectrique";"FI";"…tudes";"0";"0";"0"
"712";"1";"Nantes";"…lectrique";"DK";"Stage";"0";"0";"0"
"815";"1";"Nantes";"…lectrique";"N/A";"N/A";"0";"0";"0"
"816";"1";"Nantes";"…lectrique";"N/A";"N/A";"0";"0";"0"
"889";"1";"Clermont";"…lectrique";"ES";"Stage";"1";"0";"0"
"943";"1";"Lille";"…lectrique";"N/A";"N/A";"0";"0";"0"
"1082";"1";"Nantes";"…lectrique";"IE";"Stage";"1";"0";"0"
"1082";"1";"Nantes";"…lectrique";"CA";"…tudes";"1";"0";"0"
"1086";"1";"Nantes";"…lectrique";"N/A";"N/A";"0";"0";"0"
"1126";"1";"Nantes";"…lectrique";"N/A";"N/A";"0";"0";"0"
"1160";"1";"Clermont";"…lectrique";"GB";"Stage";"0";"0";"0"
"1266";"0";"Clermont";"…lectrique";"N/A";"N/A";"0";"0";"0"
"1280";"1";"Nantes";"…lectrique";"N/A";"N/A";"0";"0";"0"
"1282";"1";"Nantes";"…lectrique";"RO";"Stage";"1";"1";"0"
"1302";"1";"Nantes";"…lectrique";"N/A";"N/A";"0";"0";"0"
"1326";"1";"Nantes";"…lectrique";"N/A";"N/A";"0";"0";"0"
"1327";"1";"Nantes";"…lectrique";"N/A";"N/A";"0";"0";"0"
"1380";"1";"Nantes";"…lectrique";"N/A";"N/A";"0";"0";"0"
"53";"1";"Clermont";"Environnement";"N/A";"N/A";"0";"0";"0"
"69";"1";"Montpellier";"Environnement";"GB";"…tudes";"1";"1";"0"
"69";"1";"Montpellier";"Environnement";"GB";"Travail";"1";"0";"0"
"69";"1";"Montpellier";"Environnement";"MG";"…tudes";"1";"1";"0"
"70";"1";"Montpellier";"Environnement";"N/A";"N/A";"0";"0";"0"
"71";"1";"Montpellier";"Environnement";"JP";"Stage";"0";"0";"0"
"72";"1";"Montpellier";"Environnement";"FI";"Stage";"0";"0";"0"
"73";"1";"Montpellier";"Environnement";"CL";"…tudes";"1";"1";"0"
"74";"1";"Montpellier";"Environnement";"ES";"…tudes";"1";"1";"0"
"74";"1";"Montpellier";"Environnement";"MT";"Stage";"1";"1";"0"
"75";"1";"Montpellier";"Environnement";"CM";"Stage";"1";"0";"0"
"75";"1";"Montpellier";"Environnement";"GB";"…tudes";"1";"0";"0"
"76";"1";"Clermont";"Environnement";"GB";"Stage";"1";"1";"0"
"125";"0";"Tours";"Environnement";"N/A";"N/A";"0";"0";"0"
"189";"1";"Paris-UPMC";"Environnement";"N/A";"N/A";"0";"0";"0"
"195";"1";"Montpellier";"Environnement";"N/A";"N/A";"0";"0";"0"
"261";"1";"Montpellier";"Environnement";"N/A";"N/A";"0";"0";"0"
"264";"0";"Paris-UPMC";"Environnement";"N/A";"N/A";"0";"0";"0"
"301";"1";"Nice-Sophia";"Environnement";"DE";"…tudes";"1";"1";"0"
"362";"1";"Clermont";"Environnement";"N/A";"N/A";"0";"0";"0"
"392";"1";"Grenoble";"Environnement";"VN";"Stage";"1";"1";"0"
"449";"1";"Annecy-Chambery";"Environnement";"DK";"…tudes";"1";"1";"0"
"456";"1";"Nice-Sophia";"Environnement";"N/A";"N/A";"0";"0";"0"
"473";"1";"Clermont";"Environnement";"AU";"Stage";"1";"1";"0"
"487";"1";"Grenoble";"Environnement";"N/A";"N/A";"0";"0";"0"
"505";"1";"Grenoble";"Environnement";"EG";"Travail";"1";"0";"0"
"505";"1";"Grenoble";"Environnement";"IN";"Stage";"1";"0";"0"
"519";"1";"Grenoble";"Environnement";"N/A";"N/A";"0";"0";"0"
"545";"1";"Grenoble";"Environnement";"N/A";"N/A";"0";"0";"0"
"546";"1";"Grenoble";"Environnement";"GB";"…tudes";"1";"1";"0"
"546";"1";"Grenoble";"Environnement";"EE";"Stage";"1";"0";"0"
"547";"1";"Grenoble";"Environnement";"VN";"Stage";"1";"0";"0"
"547";"1";"Grenoble";"Environnement";"GB";"…tudes";"1";"0";"0"
"605";"1";"Grenoble";"Environnement";"N/A";"N/A";"0";"0";"0"
"644";"1";"Grenoble";"Environnement";"N/A";"N/A";"0";"0";"0"
"668";"1";"Tours";"Environnement";"N/A";"N/A";"0";"0";"0"
"669";"1";"Tours";"Environnement";"N/A";"N/A";"0";"0";"0"
"672";"1";"Grenoble";"Environnement";"GB";"Stage";"1";"0";"1"
"677";"1";"Paris-UPMC";"Environnement";"N/A";"N/A";"0";"0";"0"
"686";"1";"Nice-Sophia";"Environnement";"N/A";"N/A";"0";"0";"0"
"696";"1";"Grenoble";"Environnement";"N/A";"N/A";"0";"0";"0"
"697";"1";"Nice-Sophia";"Environnement";"N/A";"N/A";"0";"0";"0"
"726";"1";"Tours";"Environnement";"N/A";"N/A";"0";"0";"0"
"738";"1";"Tours";"Environnement";"N/A";"N/A";"0";"0";"0"
"751";"1";"Tours";"Environnement";"NO";"…tudes";"1";"1";"0"
"751";"1";"Tours";"Environnement";"PE";"…tudes";"1";"1";"0"
"752";"1";"Tours";"Environnement";"N/A";"N/A";"0";"0";"0"
"755";"1";"Tours";"Environnement";"NL";"…tudes";"1";"1";"0"
"773";"1";"Tours";"Environnement";"N/A";"N/A";"0";"0";"0"
"780";"1";"Paris-UPMC";"Environnement";"MQ";"Stage";"1";"0";"1"
"786";"1";"Tours";"Environnement";"N/A";"N/A";"0";"0";"0"
"823";"1";"Annecy-Chambery";"Environnement";"N/A";"N/A";"0";"0";"0"
"824";"1";"Tours";"Environnement";"CA";"…tudes";"0";"0";"0"
"826";"1";"Montpellier";"Environnement";"N/A";"N/A";"0";"0";"0"
"840";"0";"Nice-Sophia";"Environnement";"N/A";"N/A";"0";"0";"0"
"841";"1";"Paris-UPMC";"Environnement";"N/A";"N/A";"0";"0";"0"
"847";"1";"Paris-UPMC";"Environnement";"NO";"Stage";"1";"1";"0"
"873";"1";"Montpellier";"Environnement";"AU";"Stage";"0";"0";"0"
"888";"1";"Tours";"Environnement";"N/A";"N/A";"0";"0";"0"
"892";"1";"Paris-UPMC";"Environnement";"CA";"…tudes";"0";"0";"0"
"901";"1";"Paris-UPMC";"Environnement";"CH";"Stage";"0";"0";"0"
"906";"1";"Paris-UPMC";"Environnement";"CA";"Stage";"0";"0";"0"
"932";"1";"Annecy-Chambery";"Environnement";"N/A";"N/A";"0";"0";"0"
"958";"1";"Montpellier";"Environnement";"N/A";"N/A";"0";"0";"0"
"967";"1";"Paris-UPMC";"Environnement";"GB";"Stage";"1";"0";"0"
"967";"1";"Paris-UPMC";"Environnement";"CA";"…tudes";"0";"0";"0"
"979";"0";"OrlÈans";"Environnement";"N/A";"N/A";"0";"0";"0"
"999";"1";"Tours";"Environnement";"N/A";"N/A";"0";"0";"0"
"1003";"1";"Grenoble";"Environnement";"N/A";"N/A";"0";"0";"0"
"1007";"1";"Annecy-Chambery";"Environnement";"SE";"…tudes";"1";"1";"0"
"1018";"1";"Tours";"Environnement";"N/A";"N/A";"0";"0";"0"
"1019";"1";"Clermont";"Environnement";"CA";"Stage";"1";"1";"0"
"1022";"1";"Tours";"Environnement";"N/A";"N/A";"0";"0";"0"
"1032";"1";"Tours";"Environnement";"N/A";"N/A";"0";"0";"0"
"1035";"1";"Grenoble";"Environnement";"N/A";"N/A";"0";"0";"0"
"1045";"1";"Grenoble";"Environnement";"N/A";"N/A";"0";"0";"0"
"1053";"1";"Grenoble";"Environnement";"N/A";"N/A";"0";"0";"0"
"1054";"1";"Grenoble";"Environnement";"N/A";"N/A";"0";"0";"0"
"1062";"1";"Grenoble";"Environnement";"N/A";"N/A";"0";"0";"0"
"1073";"1";"Grenoble";"Environnement";"N/A";"N/A";"0";"0";"0"
"1097";"1";"Grenoble";"Environnement";"N/A";"N/A";"0";"0";"0"
"1105";"1";"Grenoble";"Environnement";"US";"…tudes";"1";"1";"0"
"1105";"1";"Grenoble";"Environnement";"MG";"Travail";"1";"1";"0"
"1144";"1";"Montpellier";"Environnement";"N/A";"N/A";"0";"0";"0"
"1172";"1";"Nice-Sophia";"Environnement";"N/A";"N/A";"0";"0";"0"
"1192";"1";"Grenoble";"Environnement";"N/A";"N/A";"0";"0";"0"
"1215";"0";"Paris-UPMC";"Environnement";"N/A";"N/A";"0";"0";"0"
"1219";"1";"Montpellier";"Environnement";"N/A";"N/A";"0";"0";"0"
"1289";"1";"Tours";"Environnement";"N/A";"N/A";"0";"0";"0"
"1309";"1";"Grenoble";"Environnement";"N/A";"N/A";"0";"0";"0"
"1402";"0";"Annecy-Chambery";"Environnement";"N/A";"N/A";"0";"0";"0"
"1403";"1";"Annecy-Chambery";"Environnement";"N/A";"N/A";"0";"0";"0"
"45";"1";"Tours";"GÈnie Civil";"GB";"…tudes";"0";"0";"0"
"79";"1";"OrlÈans";"GÈnie Civil";"N/A";"N/A";"0";"0";"0"
"87";"1";"OrlÈans";"GÈnie Civil";"N/A";"N/A";"0";"0";"0"
"88";"1";"OrlÈans";"GÈnie Civil";"FI";"…tudes";"1";"0";"0"
"98";"1";"OrlÈans";"GÈnie Civil";"CZ";"…tudes";"1";"1";"0"
"98";"1";"OrlÈans";"GÈnie Civil";"BE";"Stage";"1";"1";"0"
"98";"1";"OrlÈans";"GÈnie Civil";"BI";"Stage";"1";"1";"0"
"98";"1";"OrlÈans";"GÈnie Civil";"BI";"Travail";"1";"0";"0"
"100";"1";"Lille";"GÈnie Civil";"N/A";"N/A";"0";"0";"0"
"110";"1";"OrlÈans";"GÈnie Civil";"N/A";"N/A";"0";"0";"0"
"150";"1";"Nantes";"GÈnie Civil";"FI";"…tudes";"1";"0";"0"
"150";"1";"Nantes";"GÈnie Civil";"US";"Stage";"1";"1";"0"
"150";"1";"Nantes";"GÈnie Civil";"SE";"Voyage";"0";"1";"0"
"156";"1";"Clermont";"GÈnie Civil";"N/A";"N/A";"0";"0";"0"
"163";"1";"Nantes";"GÈnie Civil";"N/A";"N/A";"0";"0";"0"
"170";"1";"Annecy-Chambery";"GÈnie Civil";"N/A";"N/A";"0";"0";"0"
"171";"1";"OrlÈans";"GÈnie Civil";"IT";"Stage";"1";"0";"0"
"172";"1";"Clermont";"GÈnie Civil";"N/A";"N/A";"0";"0";"0"
"177";"0";"OrlÈans";"GÈnie Civil";"N/A";"N/A";"0";"0";"0"
"180";"0";"OrlÈans";"GÈnie Civil";"N/A";"N/A";"0";"0";"0"
"193";"1";"Nice-Sophia";"GÈnie Civil";"N/A";"N/A";"0";"0";"0"
"194";"1";"Nice-Sophia";"GÈnie Civil";"N/A";"N/A";"0";"0";"0"
"197";"1";"Nantes";"GÈnie Civil";"N/A";"N/A";"0";"0";"0"
"204";"0";"Lille";"GÈnie Civil";"N/A";"N/A";"0";"0";"0"
"208";"0";"Clermont";"GÈnie Civil";"N/A";"N/A";"0";"0";"0"
"218";"0";"Lille";"GÈnie Civil";"N/A";"N/A";"0";"0";"0"
"240";"1";"OrlÈans";"GÈnie Civil";"N/A";"N/A";"0";"0";"0"
"242";"1";"Clermont";"GÈnie Civil";"AR";"Stage";"1";"1";"0"
"247";"1";"Nantes";"GÈnie Civil";"BR";"Stage";"1";"0";"0"
"247";"1";"Nantes";"GÈnie Civil";"BR";"…tudes";"0";"0";"0"
"251";"0";"Nantes";"GÈnie Civil";"N/A";"N/A";"0";"0";"0"
"256";"1";"OrlÈans";"GÈnie Civil";"CA";"…tudes";"1";"0";"0"
"257";"1";"Lille";"GÈnie Civil";"AR";"…tudes";"1";"0";"0"
"258";"1";"Nantes";"GÈnie Civil";"N/A";"N/A";"0";"0";"0"
"260";"1";"Clermont";"GÈnie Civil";"N/A";"N/A";"0";"0";"0"
"262";"1";"Grenoble";"GÈnie Civil";"N/A";"N/A";"0";"0";"0"
"265";"0";"OrlÈans";"GÈnie Civil";"N/A";"N/A";"0";"0";"0"
"271";"1";"Nantes";"GÈnie Civil";"IE";"Stage";"1";"1";"0"
"271";"1";"Nantes";"GÈnie Civil";"CA";"…tudes";"1";"1";"0"
"289";"1";"Nantes";"GÈnie Civil";"LT";"…tudes";"0";"0";"0"
"289";"1";"Nantes";"GÈnie Civil";"US";"Stage";"1";"0";"0"
"299";"1";"Nantes";"GÈnie Civil";"IE";"Stage";"0";"0";"0"
"299";"1";"Nantes";"GÈnie Civil";"GB";"Stage";"1";"0";"0"
"300";"1";"Nantes";"GÈnie Civil";"DK";"Travail";"1";"1";"0"
"304";"1";"Tours";"GÈnie Civil";"NL";"…tudes";"1";"0";"0"
"317";"1";"Paris-UPMC";"GÈnie Civil";"N/A";"N/A";"0";"0";"0"
"318";"1";"Nantes";"GÈnie Civil";"N/A";"N/A";"0";"0";"0"
"319";"1";"Nantes";"GÈnie Civil";"BE";"Stage";"1";"0";"0"
"323";"1";"Nantes";"GÈnie Civil";"N/A";"N/A";"0";"0";"0"
"324";"1";"Nantes";"GÈnie Civil";"AE";"Stage";"0";"0";"0"
"326";"1";"Annecy-Chambery";"GÈnie Civil";"CA";"…tudes";"1";"0";"0"
"326";"1";"Annecy-Chambery";"GÈnie Civil";"MA";"Stage";"0";"0";"0"
"329";"1";"Nantes";"GÈnie Civil";"IT";"Stage";"0";"0";"0"
"331";"1";"OrlÈans";"GÈnie Civil";"N/A";"N/A";"0";"0";"0"
"335";"1";"Annecy-Chambery";"GÈnie Civil";"N/A";"N/A";"0";"0";"0"
"336";"1";"Nantes";"GÈnie Civil";"AU";"…tudes";"0";"0";"0"
"338";"1";"Nantes";"GÈnie Civil";"CA";"Stage";"1";"0";"0"
"346";"1";"Annecy-Chambery";"GÈnie Civil";"RO";"…tudes";"1";"1";"0"
"351";"1";"Annecy-Chambery";"GÈnie Civil";"N/A";"N/A";"0";"0";"0"
"370";"1";"Nantes";"GÈnie Civil";"N/A";"N/A";"0";"0";"0"
"377";"1";"Nice-Sophia";"GÈnie Civil";"CA";"…tudes";"0";"0";"0"
"378";"1";"Lille";"GÈnie Civil";"AR";"…tudes";"1";"0";"0"
"378";"1";"Lille";"GÈnie Civil";"DK";"…tudes";"1";"0";"0"
"379";"1";"Tours";"GÈnie Civil";"N/A";"N/A";"0";"0";"0"
"389";"1";"Lille";"GÈnie Civil";"N/A";"N/A";"0";"0";"0"
"390";"1";"Lille";"GÈnie Civil";"AR";"…tudes";"0";"0";"0"
"390";"1";"Lille";"GÈnie Civil";"IE";"Travail";"1";"0";"0"
"391";"1";"Nantes";"GÈnie Civil";"N/A";"N/A";"0";"0";"0"
"394";"1";"Marseille";"GÈnie Civil";"N/A";"N/A";"0";"0";"0"
"399";"1";"OrlÈans";"GÈnie Civil";"N/A";"N/A";"0";"0";"0"
"402";"1";"Paris-UPMC";"GÈnie Civil";"EC";"Stage";"1";"0";"0"
"403";"1";"Paris-UPMC";"GÈnie Civil";"IT";"Stage";"0";"0";"0"
"414";"1";"Paris-UPMC";"GÈnie Civil";"N/A";"N/A";"0";"0";"0"
"417";"1";"Clermont";"GÈnie Civil";"CZ";"Stage";"1";"0";"0"
"420";"1";"Lille";"GÈnie Civil";"N/A";"N/A";"0";"0";"0"
"423";"0";"Lille";"GÈnie Civil";"N/A";"N/A";"0";"0";"0"
"433";"1";"Annecy-Chambery";"GÈnie Civil";"N/A";"N/A";"0";"0";"0"
"439";"1";"Lille";"GÈnie Civil";"N/A";"N/A";"0";"0";"0"
"462";"1";"Annecy-Chambery";"GÈnie Civil";"N/A";"N/A";"0";"0";"0"
"477";"1";"Lille";"GÈnie Civil";"N/A";"N/A";"0";"0";"0"
"480";"1";"Lille";"GÈnie Civil";"BR";"…tudes";"0";"0";"0"
"480";"1";"Lille";"GÈnie Civil";"YT";"Stage";"0";"0";"0"
"480";"1";"Lille";"GÈnie Civil";"YT";"Stage";"1";"0";"0"
"488";"1";"OrlÈans";"GÈnie Civil";"ES";"…tudes";"0";"0";"0"
"494";"0";"Nantes";"GÈnie Civil";"N/A";"N/A";"0";"0";"0"
"507";"0";"Nice-Sophia";"GÈnie Civil";"N/A";"N/A";"0";"0";"0"
"517";"1";"Nantes";"GÈnie Civil";"N/A";"N/A";"0";"0";"0"
"525";"1";"Annecy-Chambery";"GÈnie Civil";"N/A";"N/A";"0";"0";"0"
"552";"1";"Grenoble";"GÈnie Civil";"GB";"…tudes";"1";"0";"0"
"552";"1";"Grenoble";"GÈnie Civil";"GB";"Stage";"1";"1";"0"
"575";"1";"Grenoble";"GÈnie Civil";"N/A";"N/A";"0";"0";"0"
"577";"1";"Annecy-Chambery";"GÈnie Civil";"N/A";"N/A";"0";"0";"0"
"593";"1";"OrlÈans";"GÈnie Civil";"N/A";"N/A";"0";"0";"0"
"595";"1";"Nice-Sophia";"GÈnie Civil";"N/A";"N/A";"0";"0";"0"
"599";"1";"Marseille";"GÈnie Civil";"US";"…tudes";"1";"1";"0"
"604";"1";"Marseille";"GÈnie Civil";"N/A";"N/A";"0";"0";"0"
"610";"1";"Annecy-Chambery";"GÈnie Civil";"N/A";"N/A";"0";"0";"0"
"615";"1";"Marseille";"GÈnie Civil";"CA";"…tudes";"1";"1";"0"
"619";"1";"Clermont";"GÈnie Civil";"N/A";"N/A";"0";"0";"0"
"628";"0";"Marseille";"GÈnie Civil";"N/A";"N/A";"0";"0";"0"
"634";"1";"Nice-Sophia";"GÈnie Civil";"N/A";"N/A";"0";"0";"0"
"655";"1";"Nantes";"GÈnie Civil";"CA";"Stage";"1";"0";"0"
"658";"1";"Lille";"GÈnie Civil";"BE";"Stage";"1";"1";"0"
"664";"1";"Paris-UPMC";"GÈnie Civil";"EC";"Stage";"1";"0";"0"
"673";"1";"Tours";"GÈnie Civil";"N/A";"N/A";"0";"0";"0"
"674";"1";"Grenoble";"GÈnie Civil";"CA";"…tudes";"1";"0";"0"
"675";"1";"Paris-UPMC";"GÈnie Civil";"N/A";"N/A";"0";"0";"0"
"678";"1";"Annecy-Chambery";"GÈnie Civil";"N/A";"N/A";"0";"0";"0"
"682";"1";"Grenoble";"GÈnie Civil";"CA";"…tudes";"0";"0";"0"
"689";"0";"Grenoble";"GÈnie Civil";"N/A";"N/A";"0";"0";"0"
"694";"1";"Paris-UPMC";"GÈnie Civil";"BR";"…tudes";"1";"1";"0"
"694";"1";"Paris-UPMC";"GÈnie Civil";"VN";"Voyage";"0";"1";"0"
"694";"1";"Paris-UPMC";"GÈnie Civil";"BF";"Voyage";"0";"1";"0"
"694";"1";"Paris-UPMC";"GÈnie Civil";"CA";"Voyage";"0";"0";"0"
"694";"1";"Paris-UPMC";"GÈnie Civil";"BR";"Stage";"1";"0";"0"
"699";"1";"Nantes";"GÈnie Civil";"LU";"Stage";"0";"0";"0"
"701";"1";"OrlÈans";"GÈnie Civil";"N/A";"N/A";"0";"0";"0"
"704";"1";"Annecy-Chambery";"GÈnie Civil";"US";"…tudes";"1";"0";"0"
"710";"0";"Nantes";"GÈnie Civil";"N/A";"N/A";"0";"0";"0"
"728";"1";"Clermont";"GÈnie Civil";"GB";"Stage";"1";"1";"0"
"741";"1";"Grenoble";"GÈnie Civil";"N/A";"N/A";"0";"0";"0"
"746";"1";"OrlÈans";"GÈnie Civil";"N/A";"N/A";"0";"0";"0"
"749";"1";"Tours";"GÈnie Civil";"N/A";"N/A";"0";"0";"0"
"756";"1";"Annecy-Chambery";"GÈnie Civil";"US";"…tudes";"0";"0";"0"
"762";"1";"Clermont";"GÈnie Civil";"CN";"…tudes";"1";"0";"0"
"769";"1";"Clermont";"GÈnie Civil";"N/A";"N/A";"0";"0";"0"
"774";"1";"Annecy-Chambery";"GÈnie Civil";"N/A";"N/A";"0";"0";"0"
"778";"0";"Paris-UPMC";"GÈnie Civil";"N/A";"N/A";"0";"0";"0"
"783";"1";"Grenoble";"GÈnie Civil";"N/A";"N/A";"0";"0";"0"
"785";"1";"Clermont";"GÈnie Civil";"N/A";"N/A";"0";"0";"0"
"791";"1";"Clermont";"GÈnie Civil";"N/A";"N/A";"0";"0";"0"
"792";"1";"Clermont";"GÈnie Civil";"N/A";"N/A";"0";"0";"0"
"793";"1";"Paris-UPMC";"GÈnie Civil";"N/A";"N/A";"0";"0";"0"
"794";"1";"Annecy-Chambery";"GÈnie Civil";"N/A";"N/A";"0";"0";"0"
"795";"1";"Lille";"GÈnie Civil";"N/A";"N/A";"0";"0";"0"
"796";"1";"Nice-Sophia";"GÈnie Civil";"N/A";"N/A";"0";"0";"0"
"797";"1";"OrlÈans";"GÈnie Civil";"N/A";"N/A";"0";"0";"0"
"801";"1";"Clermont";"GÈnie Civil";"N/A";"N/A";"0";"0";"0"
"810";"1";"Grenoble";"GÈnie Civil";"N/A";"N/A";"0";"0";"0"
"813";"1";"Tours";"GÈnie Civil";"N/A";"N/A";"0";"0";"0"
"822";"1";"Clermont";"GÈnie Civil";"N/A";"N/A";"0";"0";"0"
"832";"1";"Montpellier";"GÈnie Civil";"SE";"Stage";"0";"0";"0"
"839";"1";"Clermont";"GÈnie Civil";"N/A";"N/A";"0";"0";"0"
"842";"1";"OrlÈans";"GÈnie Civil";"GN";"Travail";"1";"0";"0"
"844";"1";"Clermont";"GÈnie Civil";"N/A";"N/A";"0";"0";"0"
"846";"1";"Grenoble";"GÈnie Civil";"SE";"…tudes";"1";"0";"0"
"846";"1";"Grenoble";"GÈnie Civil";"BE";"Stage";"1";"0";"0"
"846";"1";"Grenoble";"GÈnie Civil";"MC";"Stage";"1";"0";"0"
"846";"1";"Grenoble";"GÈnie Civil";"RU";"Travail";"1";"0";"0"
"846";"1";"Grenoble";"GÈnie Civil";"QA";"…tudes";"1";"0";"0"
"846";"1";"Grenoble";"GÈnie Civil";"AM";"Voyage";"0";"0";"0"
"853";"1";"Grenoble";"GÈnie Civil";"CA";"…tudes";"0";"0";"0"
"854";"1";"OrlÈans";"GÈnie Civil";"CH";"Stage";"1";"1";"0"
"854";"1";"OrlÈans";"GÈnie Civil";"US";"…tudes";"1";"1";"0"
"868";"1";"Lille";"GÈnie Civil";"US";"…tudes";"1";"1";"0"
"868";"1";"Lille";"GÈnie Civil";"RE";"Stage";"1";"1";"0"
"881";"1";"Paris-UPMC";"GÈnie Civil";"NZ";"Stage";"1";"0";"0"
"891";"0";"Nantes";"GÈnie Civil";"N/A";"N/A";"0";"0";"0"
"897";"1";"Grenoble";"GÈnie Civil";"BR";"…tudes";"0";"0";"0"
"898";"1";"OrlÈans";"GÈnie Civil";"N/A";"N/A";"0";"0";"0"
"907";"0";"Montpellier";"GÈnie Civil";"N/A";"N/A";"0";"0";"0"
"910";"1";"Clermont";"GÈnie Civil";"N/A";"N/A";"0";"0";"0"
"911";"1";"Tours";"GÈnie Civil";"AU";"…tudes";"1";"1";"0"
"912";"0";"Clermont";"GÈnie Civil";"N/A";"N/A";"0";"0";"0"
"914";"1";"Paris-UPMC";"GÈnie Civil";"N/A";"N/A";"0";"0";"0"
"927";"0";"OrlÈans";"GÈnie Civil";"N/A";"N/A";"0";"0";"0"
"937";"1";"Paris-UPMC";"GÈnie Civil";"DE";"Stage";"1";"0";"0"
"970";"1";"Clermont";"GÈnie Civil";"N/A";"N/A";"0";"0";"0"
"989";"1";"OrlÈans";"GÈnie Civil";"N/A";"N/A";"0";"0";"0"
"997";"1";"Grenoble";"GÈnie Civil";"NO";"…tudes";"1";"0";"0"
"1010";"1";"Nantes";"GÈnie Civil";"MT";"Stage";"1";"0";"0"
"1016";"1";"Tours";"GÈnie Civil";"N/A";"N/A";"0";"0";"0"
"1017";"1";"Tours";"GÈnie Civil";"NL";"…tudes";"0";"0";"0"
"1021";"0";"Clermont";"GÈnie Civil";"N/A";"N/A";"0";"0";"0"
"1024";"1";"Clermont";"GÈnie Civil";"N/A";"N/A";"0";"0";"0"
"1030";"1";"Clermont";"GÈnie Civil";"N/A";"N/A";"0";"0";"0"
"1052";"1";"Grenoble";"GÈnie Civil";"N/A";"N/A";"0";"0";"0"
"1060";"1";"OrlÈans";"GÈnie Civil";"US";"Voyage";"0";"1";"0"
"1060";"1";"OrlÈans";"GÈnie Civil";"CA";"Voyage";"0";"0";"0"
"1064";"1";"Annecy-Chambery";"GÈnie Civil";"N/A";"N/A";"0";"0";"0"
"1081";"1";"Grenoble";"GÈnie Civil";"N/A";"N/A";"0";"0";"0"
"1101";"1";"Nice-Sophia";"GÈnie Civil";"N/A";"N/A";"0";"0";"0"
"1102";"1";"Nice-Sophia";"GÈnie Civil";"N/A";"N/A";"0";"0";"0"
"1112";"1";"Paris-UPMC";"GÈnie Civil";"CA";"…tudes";"0";"0";"0"
"1115";"1";"Lille";"GÈnie Civil";"N/A";"N/A";"0";"0";"0"
"1129";"1";"OrlÈans";"GÈnie Civil";"N/A";"N/A";"0";"0";"0"
"1135";"1";"Marseille";"GÈnie Civil";"N/A";"N/A";"0";"0";"0"
"1139";"1";"Clermont";"GÈnie Civil";"N/A";"N/A";"0";"0";"0"
"1149";"1";"Lille";"GÈnie Civil";"N/A";"N/A";"0";"0";"0"
"1167";"0";"Paris-UPMC";"GÈnie Civil";"N/A";"N/A";"0";"0";"0"
"1168";"0";"Annecy-Chambery";"GÈnie Civil";"N/A";"N/A";"0";"0";"0"
"1171";"1";"OrlÈans";"GÈnie Civil";"N/A";"N/A";"0";"0";"0"
"1189";"1";"Clermont";"GÈnie Civil";"N/A";"N/A";"0";"0";"0"
"1200";"1";"Annecy-Chambery";"GÈnie Civil";"RO";"…tudes";"0";"0";"0"
"1205";"1";"Clermont";"GÈnie Civil";"N/A";"N/A";"0";"0";"0"
"1208";"1";"Clermont";"GÈnie Civil";"US";"Voyage";"0";"0";"0"
"1210";"1";"Clermont";"GÈnie Civil";"N/A";"N/A";"0";"0";"0"
"1232";"1";"Lille";"GÈnie Civil";"N/A";"N/A";"0";"0";"0"
"1237";"1";"Grenoble";"GÈnie Civil";"N/A";"N/A";"0";"0";"0"
"1244";"1";"Marseille";"GÈnie Civil";"SE";"…tudes";"0";"0";"0"
"1261";"0";"Marseille";"GÈnie Civil";"N/A";"N/A";"0";"0";"0"
"1274";"0";"Grenoble";"GÈnie Civil";"N/A";"N/A";"0";"0";"0"
"1306";"1";"OrlÈans";"GÈnie Civil";"N/A";"N/A";"0";"0";"0"
"1324";"1";"Nantes";"GÈnie Civil";"N/A";"N/A";"0";"0";"0"
"1325";"1";"Nantes";"GÈnie Civil";"N/A";"N/A";"0";"0";"0"
"1328";"1";"Nantes";"GÈnie Civil";"N/A";"N/A";"0";"0";"0"
"1353";"1";"Marseille";"GÈnie Civil";"N/A";"N/A";"0";"0";"0"
"1363";"0";"Clermont";"GÈnie Civil";"N/A";"N/A";"0";"0";"0"
"1367";"1";"Lille";"GÈnie Civil";"N/A";"N/A";"0";"0";"0"
"1370";"1";"Marseille";"GÈnie Civil";"N/A";"N/A";"0";"0";"0"
"1375";"1";"Marseille";"GÈnie Civil";"N/A";"N/A";"0";"0";"0"
"1410";"1";"Marseille";"GÈnie Civil";"N/A";"N/A";"0";"0";"0"
"41";"1";"Montpellier";"MÈcanique";"US";"Stage";"0";"0";"0"
"42";"1";"Montpellier";"MÈcanique";"GB";"Stage";"1";"0";"0"
"43";"1";"Montpellier";"MÈcanique";"N/A";"N/A";"0";"0";"0"
"49";"1";"OrlÈans";"MÈcanique";"N/A";"N/A";"0";"0";"0"
"81";"1";"Paris-UPMC";"MÈcanique";"N/A";"N/A";"0";"0";"0"
"86";"1";"Tours";"MÈcanique";"N/A";"N/A";"0";"0";"0"
"92";"1";"Annecy-Chambery";"MÈcanique";"SE";"…tudes";"1";"1";"0"
"92";"1";"Annecy-Chambery";"MÈcanique";"IT";"Voyage";"0";"1";"0"
"105";"1";"Lille";"MÈcanique";"RO";"Stage";"1";"1";"0"
"105";"1";"Lille";"MÈcanique";"CL";"…tudes";"0";"0";"0"
"153";"1";"Paris-UPMC";"MÈcanique";"US";"Stage";"1";"0";"0"
"162";"1";"Tours";"MÈcanique";"CA";"Stage";"1";"1";"0"
"179";"1";"Lille";"MÈcanique";"N/A";"N/A";"0";"0";"0"
"181";"1";"Lille";"MÈcanique";"US";"Stage";"1";"1";"0"
"181";"1";"Lille";"MÈcanique";"GB";"Stage";"1";"1";"0"
"181";"1";"Lille";"MÈcanique";"ES";"Voyage";"0";"1";"0"
"181";"1";"Lille";"MÈcanique";"CA";"…tudes";"0";"0";"0"
"198";"1";"Tours";"MÈcanique";"CA";"Stage";"1";"0";"0"
"202";"1";"Lille";"MÈcanique";"BR";"Travail";"1";"0";"0"
"202";"1";"Lille";"MÈcanique";"BR";"Stage";"1";"1";"0"
"202";"1";"Lille";"MÈcanique";"BR";"Travail";"0";"0";"0"
"222";"0";"OrlÈans";"MÈcanique";"N/A";"N/A";"0";"0";"0"
"225";"1";"Tours";"MÈcanique";"N/A";"N/A";"0";"0";"0"
"236";"1";"Montpellier";"MÈcanique";"GB";"Stage";"1";"0";"0"
"312";"1";"Tours";"MÈcanique";"N/A";"N/A";"0";"0";"0"
"330";"1";"OrlÈans";"MÈcanique";"GB";"…tudes";"1";"0";"0"
"339";"1";"Annecy-Chambery";"MÈcanique";"N/A";"N/A";"0";"0";"0"
"353";"1";"Lille";"MÈcanique";"US";"Stage";"1";"1";"0"
"359";"1";"Lille";"MÈcanique";"N/A";"N/A";"0";"0";"0"
"380";"1";"Tours";"MÈcanique";"N/A";"N/A";"0";"0";"0"
"411";"1";"Lille";"MÈcanique";"N/A";"N/A";"0";"0";"0"
"468";"1";"Lille";"MÈcanique";"PT";"Stage";"0";"0";"0"
"490";"1";"Tours";"MÈcanique";"GB";"Stage";"0";"0";"0"
"528";"0";"Lyon";"MÈcanique";"N/A";"N/A";"0";"0";"0"
"598";"1";"Marseille";"MÈcanique";"N/A";"N/A";"0";"0";"0"
"601";"1";"Marseille";"MÈcanique";"N/A";"N/A";"0";"0";"0"
"612";"1";"Marseille";"MÈcanique";"US";"Stage";"0";"0";"0"
"633";"0";"Lyon";"MÈcanique";"N/A";"N/A";"0";"0";"0"
"641";"0";"Lyon";"MÈcanique";"N/A";"N/A";"0";"0";"0"
"652";"1";"Lyon";"MÈcanique";"N/A";"N/A";"0";"0";"0"
"656";"1";"Lille";"MÈcanique";"US";"Stage";"1";"1";"0"
"656";"1";"Lille";"MÈcanique";"CA";"…tudes";"1";"1";"0"
"656";"1";"Lille";"MÈcanique";"GB";"Stage";"1";"1";"0"
"670";"1";"Lille";"MÈcanique";"N/A";"N/A";"0";"0";"0"
"679";"1";"Lille";"MÈcanique";"N/A";"N/A";"0";"0";"0"
"683";"1";"OrlÈans";"MÈcanique";"TR";"…tudes";"0";"0";"0"
"698";"1";"OrlÈans";"MÈcanique";"N/A";"N/A";"0";"0";"0"
"708";"1";"Montpellier";"MÈcanique";"CA";"Stage";"0";"0";"0"
"717";"1";"Tours";"MÈcanique";"GB";"Stage";"0";"0";"0"
"722";"1";"OrlÈans";"MÈcanique";"N/A";"N/A";"0";"0";"0"
"723";"1";"Annecy-Chambery";"MÈcanique";"IN";"Stage";"1";"0";"0"
"732";"1";"Tours";"MÈcanique";"N/A";"N/A";"0";"0";"0"
"733";"1";"Paris-UPMC";"MÈcanique";"N/A";"N/A";"0";"0";"0"
"735";"1";"Tours";"MÈcanique";"N/A";"N/A";"0";"0";"0"
"740";"1";"Annecy-Chambery";"MÈcanique";"JP";"Stage";"0";"0";"0"
"743";"1";"Tours";"MÈcanique";"N/A";"N/A";"0";"0";"0"
"745";"1";"Tours";"MÈcanique";"N/A";"N/A";"0";"0";"0"
"748";"1";"Tours";"MÈcanique";"CN";"Stage";"1";"0";"0"
"753";"1";"Lille";"MÈcanique";"GB";"Stage";"1";"0";"0"
"758";"1";"Tours";"MÈcanique";"CN";"…tudes";"1";"0";"0"
"768";"1";"Annecy-Chambery";"MÈcanique";"N/A";"N/A";"0";"0";"0"
"776";"1";"Tours";"MÈcanique";"US";"…tudes";"1";"1";"0"
"776";"1";"Tours";"MÈcanique";"CN";"Stage";"1";"0";"0"
"789";"1";"Lille";"MÈcanique";"N/A";"N/A";"0";"0";"0"
"799";"1";"Lyon";"MÈcanique";"N/A";"N/A";"0";"0";"0"
"818";"1";"Tours";"MÈcanique";"GB";"Stage";"1";"0";"0"
"838";"1";"Tours";"MÈcanique";"IN";"Stage";"1";"0";"0"
"858";"1";"Lyon";"MÈcanique";"N/A";"N/A";"0";"0";"0"
"869";"1";"Annecy-Chambery";"MÈcanique";"N/A";"N/A";"0";"0";"0"
"885";"1";"Tours";"MÈcanique";"N/A";"N/A";"0";"0";"0"
"905";"1";"Paris-UPMC";"MÈcanique";"US";"Stage";"1";"1";"0"
"905";"1";"Paris-UPMC";"MÈcanique";"CA";"…tudes";"1";"0";"0"
"936";"1";"Lille";"MÈcanique";"N/A";"N/A";"0";"0";"0"
"946";"1";"Montpellier";"MÈcanique";"IE";"Voyage";"0";"0";"0"
"959";"1";"Tours";"MÈcanique";"DK";"Voyage";"0";"1";"0"
"962";"1";"Paris-UPMC";"MÈcanique";"N/A";"N/A";"0";"0";"0"
"966";"1";"OrlÈans";"MÈcanique";"N/A";"N/A";"0";"0";"0"
"994";"1";"OrlÈans";"MÈcanique";"IN";"Stage";"1";"0";"0"
"994";"1";"OrlÈans";"MÈcanique";"GB";"Stage";"1";"0";"0"
"995";"1";"OrlÈans";"MÈcanique";"IN";"Stage";"1";"0";"0"
"995";"1";"OrlÈans";"MÈcanique";"CA";"…tudes";"1";"0";"0"
"1023";"1";"OrlÈans";"MÈcanique";"GB";"…tudes";"1";"1";"0"
"1023";"1";"OrlÈans";"MÈcanique";"BE";"Travail";"0";"0";"0"
"1042";"1";"Tours";"MÈcanique";"N/A";"N/A";"0";"0";"0"
"1050";"1";"OrlÈans";"MÈcanique";"N/A";"N/A";"0";"0";"0"
"1068";"1";"Paris-UPMC";"MÈcanique";"N/A";"N/A";"0";"0";"0"
"1075";"1";"OrlÈans";"MÈcanique";"IE";"Stage";"1";"1";"0"
"1078";"1";"OrlÈans";"MÈcanique";"CA";"Stage";"1";"1";"0"
"1098";"1";"OrlÈans";"MÈcanique";"N/A";"N/A";"0";"0";"0"
"1111";"0";"Clermont";"MÈcanique";"N/A";"N/A";"0";"0";"0"
"1125";"1";"Annecy-Chambery";"MÈcanique";"N/A";"N/A";"0";"0";"0"
"1134";"1";"Lille";"MÈcanique";"N/A";"N/A";"0";"0";"0"
"1136";"1";"Tours";"MÈcanique";"N/A";"N/A";"0";"0";"0"
"1140";"1";"Marseille";"MÈcanique";"N/A";"N/A";"0";"0";"0"
"1191";"1";"Lille";"MÈcanique";"N/A";"N/A";"0";"0";"0"
"1197";"1";"Annecy-Chambery";"MÈcanique";"CZ";"…tudes";"0";"0";"0"
"1199";"1";"Marseille";"MÈcanique";"N/A";"N/A";"0";"0";"0"
"1209";"1";"Lille";"MÈcanique";"N/A";"N/A";"0";"0";"0"
"1213";"1";"Annecy-Chambery";"MÈcanique";"N/A";"N/A";"0";"0";"0"
"1220";"1";"Montpellier";"MÈcanique";"N/A";"N/A";"0";"0";"0"
"1222";"1";"Lille";"MÈcanique";"N/A";"N/A";"0";"0";"0"
"1231";"1";"Paris-UPMC";"MÈcanique";"N/A";"N/A";"0";"0";"0"
"1239";"0";"Tours";"MÈcanique";"N/A";"N/A";"0";"0";"0"
"1259";"1";"Marseille";"MÈcanique";"N/A";"N/A";"0";"0";"0"
"1287";"1";"Marseille";"MÈcanique";"N/A";"N/A";"0";"0";"0"
"1303";"1";"Marseille";"MÈcanique";"US";"…tudes";"0";"0";"0"
"1318";"1";"Lyon";"MÈcanique";"CA";"…tudes";"1";"0";"0"
"1366";"1";"Marseille";"MÈcanique";"N/A";"N/A";"0";"0";"0"
"1371";"1";"Marseille";"MÈcanique";"N/A";"N/A";"0";"0";"0"
"1374";"1";"Marseille";"MÈcanique";"N/A";"N/A";"0";"0";"0"
"1376";"1";"Lille";"MÈcanique";"N/A";"N/A";"0";"0";"0"
"1379";"1";"Marseille";"MÈcanique";"N/A";"N/A";"0";"0";"0"
"108";"1";"Clermont";"MathÈmatiques";"FI";"Stage";"0";"0";"0"
"117";"1";"Nice-Sophia";"MathÈmatiques";"DK";"Stage";"0";"0";"0"
"147";"1";"Clermont";"MathÈmatiques";"GB";"Stage";"0";"0";"0"
"164";"1";"Nice-Sophia";"MathÈmatiques";"DE";"Stage";"1";"0";"0"
"165";"1";"Nice-Sophia";"MathÈmatiques";"ES";"Stage";"0";"0";"0"
"173";"1";"Clermont";"MathÈmatiques";"N/A";"N/A";"0";"0";"0"
"227";"1";"Nice-Sophia";"MathÈmatiques";"HK";"…tudes";"0";"0";"0"
"245";"1";"Nice-Sophia";"MathÈmatiques";"DK";"…tudes";"1";"0";"0"
"268";"1";"Nice-Sophia";"MathÈmatiques";"IT";"…tudes";"1";"0";"0"
"293";"1";"Nantes";"MathÈmatiques";"N/A";"N/A";"0";"0";"0"
"327";"1";"Paris-Sud";"MathÈmatiques";"N/A";"N/A";"0";"0";"0"
"450";"1";"Lille";"MathÈmatiques";"N/A";"N/A";"0";"0";"0"
"511";"1";"Lyon";"MathÈmatiques";"N/A";"N/A";"0";"0";"0"
"591";"1";"Nice-Sophia";"MathÈmatiques";"IS";"Travail";"1";"0";"0"
"627";"1";"Nice-Sophia";"MathÈmatiques";"BE";"Stage";"0";"0";"0"
"627";"1";"Nice-Sophia";"MathÈmatiques";"MG";"Stage";"0";"0";"0"
"666";"1";"Lille";"MathÈmatiques";"MT";"Stage";"0";"0";"0"
"713";"1";"Clermont";"MathÈmatiques";"GB";"Stage";"0";"0";"0"
"759";"1";"Clermont";"MathÈmatiques";"N/A";"N/A";"0";"0";"0"
"850";"1";"Lille";"MathÈmatiques";"N/A";"N/A";"0";"0";"0"
"864";"1";"Nice-Sophia";"MathÈmatiques";"N/A";"N/A";"0";"0";"0"
"872";"1";"Lyon";"MathÈmatiques";"N/A";"N/A";"0";"0";"0"
"876";"1";"Clermont";"MathÈmatiques";"N/A";"N/A";"0";"0";"0"
"1143";"1";"Lille";"MathÈmatiques";"N/A";"N/A";"0";"0";"0"
"1185";"0";"Clermont";"MathÈmatiques";"N/A";"N/A";"0";"0";"0"
"1211";"1";"Clermont";"MathÈmatiques";"N/A";"N/A";"0";"0";"0"
"1223";"0";"Clermont";"MathÈmatiques";"N/A";"N/A";"0";"0";"0"
"1225";"1";"Lyon";"MathÈmatiques";"N/A";"N/A";"0";"0";"0"
"1228";"1";"Clermont";"MathÈmatiques";"N/A";"N/A";"0";"0";"0"
"1229";"1";"Clermont";"MathÈmatiques";"N/A";"N/A";"0";"0";"0"
"1236";"1";"Lyon";"MathÈmatiques";"N/A";"N/A";"0";"0";"0"
"1364";"1";"Lyon";"MathÈmatiques";"N/A";"N/A";"0";"0";"0"
"1394";"0";"Clermont";"MathÈmatiques";"N/A";"N/A";"0";"0";"0"
"1395";"0";"Clermont";"MathÈmatiques";"N/A";"N/A";"0";"0";"0"
"309";"1";"Montpellier";"Peip";"N/A";"N/A";"0";"0";"0"
"984";"1";"Marseille";"Peip";"N/A";"N/A";"0";"0";"0"
"1047";"1";"Montpellier";"Peip";"N/A";"N/A";"0";"0";"0"
"1107";"1";"Nantes";"Peip";"N/A";"N/A";"0";"0";"0"
"1116";"1";"Marseille";"Peip";"N/A";"N/A";"0";"0";"0"
"1198";"1";"Lille";"Peip";"N/A";"N/A";"0";"0";"0"
"1214";"1";"Lille";"Peip";"GB";"Voyage";"0";"1";"0"
"1216";"0";"Paris-Sud";"Peip";"N/A";"N/A";"0";"0";"0"
"1272";"1";"Lille";"Peip";"N/A";"N/A";"0";"0";"0"
"1281";"1";"Nantes";"Peip";"N/A";"N/A";"0";"0";"0"
